"../../../Engine/Plugins/2D/Paper2D/Content/PlaceholderTextures/DummySpriteTexture.ubulk" 0
"../../../Engine/Plugins/2D/Paper2D/Content/PlaceholderTextures/DummySpriteTexture.uasset" 1
"../../../Engine/Plugins/2D/Paper2D/Content/PlaceholderTextures/DummySpriteTexture.uexp" 2
"../../../Engine/Plugins/2D/Paper2D/Content/DummySprite.uasset" 3
"../../../Engine/Plugins/2D/Paper2D/Content/DummySprite.uexp" 4
"../../../Engine/Plugins/2D/Paper2D/Content/DefaultPaperTerrainMaterial.uasset" 5
"../../../Engine/Plugins/2D/Paper2D/Content/DefaultPaperTerrainMaterial.uexp" 6
"../../../Engine/Content/EngineFonts/Faces/DroidSansFallback.uexp" 7
"../../../Engine/Content/EngineFonts/Faces/DroidSansFallback.uasset" 8
"../../../Engine/Content/EngineFonts/Faces/DroidSansFallback.ufont" 9
"../../../Engine/Content/EngineFonts/Faces/RobotoBold.uexp" 10
"../../../Engine/Content/EngineFonts/Faces/RobotoBold.uasset" 11
"../../../Engine/Content/EngineFonts/Faces/RobotoBold.ufont" 12
"../../../Engine/Content/EngineFonts/Faces/RobotoBoldItalic.uexp" 13
"../../../Engine/Content/EngineFonts/Faces/RobotoBoldItalic.uasset" 14
"../../../Engine/Content/EngineFonts/Faces/RobotoBoldItalic.ufont" 15
"../../../Engine/Content/EngineFonts/Faces/RobotoItalic.uexp" 16
"../../../Engine/Content/EngineFonts/Faces/RobotoItalic.uasset" 17
"../../../Engine/Content/EngineFonts/Faces/RobotoItalic.ufont" 18
"../../../Engine/Content/EngineFonts/Faces/RobotoLight.uexp" 19
"../../../Engine/Content/EngineFonts/Faces/RobotoLight.uasset" 20
"../../../Engine/Content/EngineFonts/Faces/RobotoLight.ufont" 21
"../../../Engine/Content/EngineFonts/Faces/RobotoRegular.uexp" 22
"../../../Engine/Content/EngineFonts/Faces/RobotoRegular.uasset" 23
"../../../Engine/Content/EngineFonts/Faces/RobotoRegular.ufont" 24
"../../../Engine/Content/EngineFonts/Roboto.uasset" 25
"../../../Engine/Content/EngineFonts/Roboto.uexp" 26
"../../../Engine/Content/EngineMaterials/DefaultDestructiblePhysicalMaterial.uasset" 27
"../../../Engine/Content/EngineMaterials/DefaultDestructiblePhysicalMaterial.uexp" 28
"../../../Engine/Content/EngineMaterials/DefaultPhysicalMaterial.uasset" 29
"../../../Engine/Content/EngineMaterials/DefaultPhysicalMaterial.uexp" 30
"../../../Engine/Content/EngineSounds/Master.uasset" 31
"../../../Engine/Content/EngineSounds/Master.uexp" 32
"../../../Engine/Plugins/Interchange/Runtime/Content/Pipelines/DefaultAssetsPipeline.uasset" 33
"../../../Engine/Plugins/Interchange/Runtime/Content/Pipelines/DefaultAssetsPipeline.uexp" 34
"../../../Engine/Plugins/Interchange/Runtime/Content/Pipelines/DefaultAudioPipeline.uasset" 35
"../../../Engine/Plugins/Interchange/Runtime/Content/Pipelines/DefaultAudioPipeline.uexp" 36
"../../../Engine/Plugins/Interchange/Runtime/Content/Pipelines/DefaultGLTFAssetsPipeline.uasset" 37
"../../../Engine/Plugins/Interchange/Runtime/Content/Pipelines/DefaultGLTFAssetsPipeline.uexp" 38
"../../../Engine/Plugins/Interchange/Runtime/Content/Pipelines/DefaultGLTFPipeline.uasset" 39
"../../../Engine/Plugins/Interchange/Runtime/Content/Pipelines/DefaultGLTFPipeline.uexp" 40
"../../../Engine/Plugins/Interchange/Runtime/Content/Pipelines/DefaultGLTFSceneAssetsPipeline.uasset" 41
"../../../Engine/Plugins/Interchange/Runtime/Content/Pipelines/DefaultGLTFSceneAssetsPipeline.uexp" 42
"../../../Engine/Plugins/Interchange/Runtime/Content/Pipelines/DefaultMaterialPipeline.uasset" 43
"../../../Engine/Plugins/Interchange/Runtime/Content/Pipelines/DefaultMaterialPipeline.uexp" 44
"../../../Engine/Plugins/Interchange/Runtime/Content/Pipelines/DefaultMaterialXPipeline.uasset" 45
"../../../Engine/Plugins/Interchange/Runtime/Content/Pipelines/DefaultMaterialXPipeline.uexp" 46
"../../../Engine/Plugins/Interchange/Runtime/Content/Pipelines/DefaultSceneAssetsPipeline.uasset" 47
"../../../Engine/Plugins/Interchange/Runtime/Content/Pipelines/DefaultSceneAssetsPipeline.uexp" 48
"../../../Engine/Plugins/Interchange/Runtime/Content/Pipelines/DefaultSceneLevelPipeline.uasset" 49
"../../../Engine/Plugins/Interchange/Runtime/Content/Pipelines/DefaultSceneLevelPipeline.uexp" 50
"../../../Engine/Plugins/Interchange/Runtime/Content/Pipelines/DefaultTexturePipeline.uasset" 51
"../../../Engine/Plugins/Interchange/Runtime/Content/Pipelines/DefaultTexturePipeline.uexp" 52
"../../../Engine/Content/EngineResources/Black.uasset" 53
"../../../Engine/Content/EngineResources/Black.uexp" 54
"../../../Engine/Content/EngineResources/DefaultTextureCube.uasset" 55
"../../../Engine/Content/EngineResources/DefaultTextureCube.uexp" 56
"../../../Engine/Content/EngineResources/GradientTexture0.uasset" 57
"../../../Engine/Content/EngineResources/GradientTexture0.uexp" 58
"../../../Engine/Content/EngineResources/LandscapeVisibilityLayerInfo.uasset" 59
"../../../Engine/Content/EngineResources/LandscapeVisibilityLayerInfo.uexp" 60
"../../../Engine/Content/Functions/Engine_MaterialFunctions02/Utility/MakeFloat3.uasset" 61
"../../../Engine/Content/Functions/Engine_MaterialFunctions02/Utility/MakeFloat3.uexp" 62
"../../../Engine/Content/Functions/Engine_MaterialFunctions02/SplitComponents.uasset" 63
"../../../Engine/Content/Functions/Engine_MaterialFunctions02/SplitComponents.uexp" 64
"../../../Engine/Content/Functions/Engine_MaterialFunctions02/Utility/BreakOutFloat3Components.uasset" 65
"../../../Engine/Content/Functions/Engine_MaterialFunctions02/Utility/BreakOutFloat3Components.uexp" 66
"../../../Engine/Content/Functions/Engine_MaterialFunctions02/Math/Transform3x3Matrix.uasset" 67
"../../../Engine/Content/Functions/Engine_MaterialFunctions02/Math/Transform3x3Matrix.uexp" 68
"../../../Engine/Content/VREditor/SnapGrid/SnapGridMaterial.uasset" 69
"../../../Engine/Content/VREditor/SnapGrid/SnapGridMaterial.uexp" 70
"../../../Engine/Content/VREditor/SnapGrid/SnapGridPlaneMesh.ubulk" 71
"../../../Engine/Content/VREditor/SnapGrid/SnapGridPlaneMesh.uasset" 72
"../../../Engine/Content/VREditor/SnapGrid/SnapGridPlaneMesh.uexp" 73
"../../../Engine/Content/VREditor/LaserPointer/VR_LaserPower_01.ubulk" 74
"../../../Engine/Content/VREditor/LaserPointer/VR_LaserPower_01.uasset" 75
"../../../Engine/Content/VREditor/LaserPointer/VR_LaserPower_01.uexp" 76
"../../../Engine/Content/VREditor/TransformGizmo/TransformGizmoMaterial.uasset" 77
"../../../Engine/Content/VREditor/TransformGizmo/TransformGizmoMaterial.uexp" 78
"../../../Engine/Content/VREditor/TransformGizmo/TranslucentTransformGizmoMaterial.uasset" 79
"../../../Engine/Content/VREditor/TransformGizmo/TranslucentTransformGizmoMaterial.uexp" 80
"../../../Engine/Content/VREditor/TransformGizmo/PlaneTranslationHandle.ubulk" 81
"../../../Engine/Content/VREditor/TransformGizmo/PlaneTranslationHandle.uasset" 82
"../../../Engine/Content/VREditor/TransformGizmo/PlaneTranslationHandle.uexp" 83
"../../../Engine/Content/VREditor/TransformGizmo/RotationHandleFull.ubulk" 84
"../../../Engine/Content/VREditor/TransformGizmo/RotationHandleFull.uasset" 85
"../../../Engine/Content/VREditor/TransformGizmo/RotationHandleFull.uexp" 86
"../../../Engine/Content/VREditor/TransformGizmo/RotationHandleIndicator.ubulk" 87
"../../../Engine/Content/VREditor/TransformGizmo/RotationHandleIndicator.uasset" 88
"../../../Engine/Content/VREditor/TransformGizmo/RotationHandleIndicator.uexp" 89
"../../../Engine/Content/VREditor/TransformGizmo/RotationHandleQuarter.ubulk" 90
"../../../Engine/Content/VREditor/TransformGizmo/RotationHandleQuarter.uasset" 91
"../../../Engine/Content/VREditor/TransformGizmo/RotationHandleQuarter.uexp" 92
"../../../Engine/Content/VREditor/TransformGizmo/StartRotationHandleIndicator.ubulk" 93
"../../../Engine/Content/VREditor/TransformGizmo/StartRotationHandleIndicator.uasset" 94
"../../../Engine/Content/VREditor/TransformGizmo/StartRotationHandleIndicator.uexp" 95
"../../../Engine/Content/VREditor/TransformGizmo/TranslucentTransformGizmoMaterial_Inst.uasset" 96
"../../../Engine/Content/VREditor/TransformGizmo/TranslucentTransformGizmoMaterial_Inst.uexp" 97
"../../../Engine/Content/VREditor/TransformGizmo/TransformGizmoFreeRotation.ubulk" 98
"../../../Engine/Content/VREditor/TransformGizmo/TransformGizmoFreeRotation.uasset" 99
"../../../Engine/Content/VREditor/TransformGizmo/TransformGizmoFreeRotation.uexp" 100
"../../../Engine/Content/VREditor/TransformGizmo/TransformGizmoMaterial_Inst.uasset" 101
"../../../Engine/Content/VREditor/TransformGizmo/TransformGizmoMaterial_Inst.uexp" 102
"../../../Engine/Content/VREditor/TransformGizmo/TranslateArrowHandle.ubulk" 103
"../../../Engine/Content/VREditor/TransformGizmo/TranslateArrowHandle.uasset" 104
"../../../Engine/Content/VREditor/TransformGizmo/TranslateArrowHandle.uexp" 105
"../../../Engine/Content/VREditor/TransformGizmo/UniformScaleHandle.ubulk" 106
"../../../Engine/Content/VREditor/TransformGizmo/UniformScaleHandle.uasset" 107
"../../../Engine/Content/VREditor/TransformGizmo/UniformScaleHandle.uexp" 108
"../../../Engine/Content/VREditor/Sounds/UI/Drop_Item_From_ContentBrowser.ubulk" 109
"../../../Engine/Content/VREditor/Sounds/UI/Drop_Item_From_ContentBrowser.uasset" 110
"../../../Engine/Content/VREditor/Sounds/UI/Drop_Item_From_ContentBrowser.uexp" 111
"../../../Engine/Content/VREditor/Sounds/UI/Gizmo_Handle_Clicked.ubulk" 112
"../../../Engine/Content/VREditor/Sounds/UI/Gizmo_Handle_Clicked.uasset" 113
"../../../Engine/Content/VREditor/Sounds/UI/Gizmo_Handle_Clicked.uexp" 114
"../../../Engine/Content/VREditor/Sounds/UI/Object_PickUp.ubulk" 115
"../../../Engine/Content/VREditor/Sounds/UI/Object_PickUp.uasset" 116
"../../../Engine/Content/VREditor/Sounds/UI/Object_PickUp.uexp" 117
"../../../Engine/Content/VREditor/Sounds/UI/Object_Snaps_To_Another_Actor.ubulk" 118
"../../../Engine/Content/VREditor/Sounds/UI/Object_Snaps_To_Another_Actor.uasset" 119
"../../../Engine/Content/VREditor/Sounds/UI/Object_Snaps_To_Another_Actor.uexp" 120
"../../../Engine/Content/VREditor/Sounds/UI/Object_Snaps_To_Grid.ubulk" 121
"../../../Engine/Content/VREditor/Sounds/UI/Object_Snaps_To_Grid.uasset" 122
"../../../Engine/Content/VREditor/Sounds/UI/Object_Snaps_To_Grid.uexp" 123
"../../../Engine/Content/VREditor/Sounds/UI/Scaling_Down.ubulk" 124
"../../../Engine/Content/VREditor/Sounds/UI/Scaling_Down.uasset" 125
"../../../Engine/Content/VREditor/Sounds/UI/Scaling_Down.uexp" 126
"../../../Engine/Content/VREditor/Sounds/UI/Scaling_Up.ubulk" 127
"../../../Engine/Content/VREditor/Sounds/UI/Scaling_Up.uasset" 128
"../../../Engine/Content/VREditor/Sounds/UI/Scaling_Up.uexp" 129
"../../../Engine/Content/VREditor/Sounds/UI/Selection_Changes.ubulk" 130
"../../../Engine/Content/VREditor/Sounds/UI/Selection_Changes.uasset" 131
"../../../Engine/Content/VREditor/Sounds/UI/Selection_Changes.uexp" 132
"../../../Engine/Plugins/Animation/ControlRig/Content/Controls/ControlRigGizmoMaterial.uasset" 133
"../../../Engine/Plugins/Animation/ControlRig/Content/Controls/ControlRigGizmoMaterial.uexp" 134
"../../../Engine/Plugins/Animation/ControlRig/Content/Controls/ControlRigXRayMaterial.uasset" 135
"../../../Engine/Plugins/Animation/ControlRig/Content/Controls/ControlRigXRayMaterial.uexp" 136
"../../../Engine/Content/EngineMaterials/T_Default_Material_Grid_M.ubulk" 137
"../../../Engine/Content/EngineMaterials/T_Default_Material_Grid_M.uasset" 138
"../../../Engine/Content/EngineMaterials/T_Default_Material_Grid_M.uexp" 139
"../../../Engine/Content/EngineMaterials/T_Default_Material_Grid_N.ubulk" 140
"../../../Engine/Content/EngineMaterials/T_Default_Material_Grid_N.uasset" 141
"../../../Engine/Content/EngineMaterials/T_Default_Material_Grid_N.uexp" 142
"../../../Engine/Content/Functions/Engine_MaterialFunctions01/Opacity/CameraDepthFade.uasset" 143
"../../../Engine/Content/Functions/Engine_MaterialFunctions01/Opacity/CameraDepthFade.uexp" 144
"../../../Engine/Content/EngineMaterials/WorldGridMaterial.uasset" 145
"../../../Engine/Content/EngineMaterials/WorldGridMaterial.uexp" 146
"../../../Engine/Plugins/Animation/ControlRig/Content/Controls/ControlRig_Arrow2_1mm.ubulk" 147
"../../../Engine/Plugins/Animation/ControlRig/Content/Controls/ControlRig_Arrow2_1mm.uasset" 148
"../../../Engine/Plugins/Animation/ControlRig/Content/Controls/ControlRig_Arrow2_1mm.uexp" 149
"../../../Engine/Plugins/Animation/ControlRig/Content/Controls/ControlRig_Arrow2_3mm.ubulk" 150
"../../../Engine/Plugins/Animation/ControlRig/Content/Controls/ControlRig_Arrow2_3mm.uasset" 151
"../../../Engine/Plugins/Animation/ControlRig/Content/Controls/ControlRig_Arrow2_3mm.uexp" 152
"../../../Engine/Plugins/Animation/ControlRig/Content/Controls/ControlRig_Arrow2_solid.ubulk" 153
"../../../Engine/Plugins/Animation/ControlRig/Content/Controls/ControlRig_Arrow2_solid.uasset" 154
"../../../Engine/Plugins/Animation/ControlRig/Content/Controls/ControlRig_Arrow2_solid.uexp" 155
"../../../Engine/Plugins/Animation/ControlRig/Content/Controls/ControlRig_Arrow4_1mm.ubulk" 156
"../../../Engine/Plugins/Animation/ControlRig/Content/Controls/ControlRig_Arrow4_1mm.uasset" 157
"../../../Engine/Plugins/Animation/ControlRig/Content/Controls/ControlRig_Arrow4_1mm.uexp" 158
"../../../Engine/Plugins/Animation/ControlRig/Content/Controls/ControlRig_Arrow4_3mm.ubulk" 159
"../../../Engine/Plugins/Animation/ControlRig/Content/Controls/ControlRig_Arrow4_3mm.uasset" 160
"../../../Engine/Plugins/Animation/ControlRig/Content/Controls/ControlRig_Arrow4_3mm.uexp" 161
"../../../Engine/Plugins/Animation/ControlRig/Content/Controls/ControlRig_Arrow4_solid.ubulk" 162
"../../../Engine/Plugins/Animation/ControlRig/Content/Controls/ControlRig_Arrow4_solid.uasset" 163
"../../../Engine/Plugins/Animation/ControlRig/Content/Controls/ControlRig_Arrow4_solid.uexp" 164
"../../../Engine/Plugins/Animation/ControlRig/Content/Controls/ControlRig_Arrow_1mm.ubulk" 165
"../../../Engine/Plugins/Animation/ControlRig/Content/Controls/ControlRig_Arrow_1mm.uasset" 166
"../../../Engine/Plugins/Animation/ControlRig/Content/Controls/ControlRig_Arrow_1mm.uexp" 167
"../../../Engine/Plugins/Animation/ControlRig/Content/Controls/ControlRig_Arrow_3mm.ubulk" 168
"../../../Engine/Plugins/Animation/ControlRig/Content/Controls/ControlRig_Arrow_3mm.uasset" 169
"../../../Engine/Plugins/Animation/ControlRig/Content/Controls/ControlRig_Arrow_3mm.uexp" 170
"../../../Engine/Plugins/Animation/ControlRig/Content/Controls/ControlRig_Arrow_solid.ubulk" 171
"../../../Engine/Plugins/Animation/ControlRig/Content/Controls/ControlRig_Arrow_solid.uasset" 172
"../../../Engine/Plugins/Animation/ControlRig/Content/Controls/ControlRig_Arrow_solid.uexp" 173
"../../../Engine/Plugins/Animation/ControlRig/Content/Controls/ControlRig_Box_1mm.ubulk" 174
"../../../Engine/Plugins/Animation/ControlRig/Content/Controls/ControlRig_Box_1mm.uasset" 175
"../../../Engine/Plugins/Animation/ControlRig/Content/Controls/ControlRig_Box_1mm.uexp" 176
"../../../Engine/Plugins/Animation/ControlRig/Content/Controls/ControlRig_Box_3mm.ubulk" 177
"../../../Engine/Plugins/Animation/ControlRig/Content/Controls/ControlRig_Box_3mm.uasset" 178
"../../../Engine/Plugins/Animation/ControlRig/Content/Controls/ControlRig_Box_3mm.uexp" 179
"../../../Engine/Plugins/Animation/ControlRig/Content/Controls/ControlRig_Box_solid.ubulk" 180
"../../../Engine/Plugins/Animation/ControlRig/Content/Controls/ControlRig_Box_solid.uasset" 181
"../../../Engine/Plugins/Animation/ControlRig/Content/Controls/ControlRig_Box_solid.uexp" 182
"../../../Engine/Plugins/Animation/ControlRig/Content/Controls/ControlRig_Circle_1mm.ubulk" 183
"../../../Engine/Plugins/Animation/ControlRig/Content/Controls/ControlRig_Circle_1mm.uasset" 184
"../../../Engine/Plugins/Animation/ControlRig/Content/Controls/ControlRig_Circle_1mm.uexp" 185
"../../../Engine/Plugins/Animation/ControlRig/Content/Controls/ControlRig_Circle_3mm.ubulk" 186
"../../../Engine/Plugins/Animation/ControlRig/Content/Controls/ControlRig_Circle_3mm.uasset" 187
"../../../Engine/Plugins/Animation/ControlRig/Content/Controls/ControlRig_Circle_3mm.uexp" 188
"../../../Engine/Plugins/Animation/ControlRig/Content/Controls/ControlRig_Circle_solid.ubulk" 189
"../../../Engine/Plugins/Animation/ControlRig/Content/Controls/ControlRig_Circle_solid.uasset" 190
"../../../Engine/Plugins/Animation/ControlRig/Content/Controls/ControlRig_Circle_solid.uexp" 191
"../../../Engine/Plugins/Animation/ControlRig/Content/Controls/ControlRig_Diamond_1mm.ubulk" 192
"../../../Engine/Plugins/Animation/ControlRig/Content/Controls/ControlRig_Diamond_1mm.uasset" 193
"../../../Engine/Plugins/Animation/ControlRig/Content/Controls/ControlRig_Diamond_1mm.uexp" 194
"../../../Engine/Plugins/Animation/ControlRig/Content/Controls/ControlRig_Diamond_3mm.ubulk" 195
"../../../Engine/Plugins/Animation/ControlRig/Content/Controls/ControlRig_Diamond_3mm.uasset" 196
"../../../Engine/Plugins/Animation/ControlRig/Content/Controls/ControlRig_Diamond_3mm.uexp" 197
"../../../Engine/Plugins/Animation/ControlRig/Content/Controls/ControlRig_Diamond_solid.ubulk" 198
"../../../Engine/Plugins/Animation/ControlRig/Content/Controls/ControlRig_Diamond_solid.uasset" 199
"../../../Engine/Plugins/Animation/ControlRig/Content/Controls/ControlRig_Diamond_solid.uexp" 200
"../../../Engine/Plugins/Animation/ControlRig/Content/Controls/ControlRig_HalfCircle_1mm.ubulk" 201
"../../../Engine/Plugins/Animation/ControlRig/Content/Controls/ControlRig_HalfCircle_1mm.uasset" 202
"../../../Engine/Plugins/Animation/ControlRig/Content/Controls/ControlRig_HalfCircle_1mm.uexp" 203
"../../../Engine/Plugins/Animation/ControlRig/Content/Controls/ControlRig_HalfCircle_3mm.ubulk" 204
"../../../Engine/Plugins/Animation/ControlRig/Content/Controls/ControlRig_HalfCircle_3mm.uasset" 205
"../../../Engine/Plugins/Animation/ControlRig/Content/Controls/ControlRig_HalfCircle_3mm.uexp" 206
"../../../Engine/Plugins/Animation/ControlRig/Content/Controls/ControlRig_HalfCircle_solid.ubulk" 207
"../../../Engine/Plugins/Animation/ControlRig/Content/Controls/ControlRig_HalfCircle_solid.uasset" 208
"../../../Engine/Plugins/Animation/ControlRig/Content/Controls/ControlRig_HalfCircle_solid.uexp" 209
"../../../Engine/Plugins/Animation/ControlRig/Content/Controls/ControlRig_Hexagon_1mm.ubulk" 210
"../../../Engine/Plugins/Animation/ControlRig/Content/Controls/ControlRig_Hexagon_1mm.uasset" 211
"../../../Engine/Plugins/Animation/ControlRig/Content/Controls/ControlRig_Hexagon_1mm.uexp" 212
"../../../Engine/Plugins/Animation/ControlRig/Content/Controls/ControlRig_Hexagon_3mm.ubulk" 213
"../../../Engine/Plugins/Animation/ControlRig/Content/Controls/ControlRig_Hexagon_3mm.uasset" 214
"../../../Engine/Plugins/Animation/ControlRig/Content/Controls/ControlRig_Hexagon_3mm.uexp" 215
"../../../Engine/Plugins/Animation/ControlRig/Content/Controls/ControlRig_Hexagon_solid.ubulk" 216
"../../../Engine/Plugins/Animation/ControlRig/Content/Controls/ControlRig_Hexagon_solid.uasset" 217
"../../../Engine/Plugins/Animation/ControlRig/Content/Controls/ControlRig_Hexagon_solid.uexp" 218
"../../../Engine/Plugins/Animation/ControlRig/Content/Controls/ControlRig_Octagon_1mm.ubulk" 219
"../../../Engine/Plugins/Animation/ControlRig/Content/Controls/ControlRig_Octagon_1mm.uasset" 220
"../../../Engine/Plugins/Animation/ControlRig/Content/Controls/ControlRig_Octagon_1mm.uexp" 221
"../../../Engine/Plugins/Animation/ControlRig/Content/Controls/ControlRig_Octagon_3mm.ubulk" 222
"../../../Engine/Plugins/Animation/ControlRig/Content/Controls/ControlRig_Octagon_3mm.uasset" 223
"../../../Engine/Plugins/Animation/ControlRig/Content/Controls/ControlRig_Octagon_3mm.uexp" 224
"../../../Engine/Plugins/Animation/ControlRig/Content/Controls/ControlRig_Octagon_solid.ubulk" 225
"../../../Engine/Plugins/Animation/ControlRig/Content/Controls/ControlRig_Octagon_solid.uasset" 226
"../../../Engine/Plugins/Animation/ControlRig/Content/Controls/ControlRig_Octagon_solid.uexp" 227
"../../../Engine/Plugins/Animation/ControlRig/Content/Controls/ControlRig_Pyramid_1mm.ubulk" 228
"../../../Engine/Plugins/Animation/ControlRig/Content/Controls/ControlRig_Pyramid_1mm.uasset" 229
"../../../Engine/Plugins/Animation/ControlRig/Content/Controls/ControlRig_Pyramid_1mm.uexp" 230
"../../../Engine/Plugins/Animation/ControlRig/Content/Controls/ControlRig_Pyramid_3mm.ubulk" 231
"../../../Engine/Plugins/Animation/ControlRig/Content/Controls/ControlRig_Pyramid_3mm.uasset" 232
"../../../Engine/Plugins/Animation/ControlRig/Content/Controls/ControlRig_Pyramid_3mm.uexp" 233
"../../../Engine/Plugins/Animation/ControlRig/Content/Controls/ControlRig_Pyramid_solid.ubulk" 234
"../../../Engine/Plugins/Animation/ControlRig/Content/Controls/ControlRig_Pyramid_solid.uasset" 235
"../../../Engine/Plugins/Animation/ControlRig/Content/Controls/ControlRig_Pyramid_solid.uexp" 236
"../../../Engine/Plugins/Animation/ControlRig/Content/Controls/ControlRig_QuarterCircle_1mm.ubulk" 237
"../../../Engine/Plugins/Animation/ControlRig/Content/Controls/ControlRig_QuarterCircle_1mm.uasset" 238
"../../../Engine/Plugins/Animation/ControlRig/Content/Controls/ControlRig_QuarterCircle_1mm.uexp" 239
"../../../Engine/Plugins/Animation/ControlRig/Content/Controls/ControlRig_QuarterCircle_3mm.ubulk" 240
"../../../Engine/Plugins/Animation/ControlRig/Content/Controls/ControlRig_QuarterCircle_3mm.uasset" 241
"../../../Engine/Plugins/Animation/ControlRig/Content/Controls/ControlRig_QuarterCircle_3mm.uexp" 242
"../../../Engine/Plugins/Animation/ControlRig/Content/Controls/ControlRig_QuarterCircle_solid.ubulk" 243
"../../../Engine/Plugins/Animation/ControlRig/Content/Controls/ControlRig_QuarterCircle_solid.uasset" 244
"../../../Engine/Plugins/Animation/ControlRig/Content/Controls/ControlRig_QuarterCircle_solid.uexp" 245
"../../../Engine/Plugins/Animation/ControlRig/Content/Controls/ControlRig_RoundedSquare_1mm.ubulk" 246
"../../../Engine/Plugins/Animation/ControlRig/Content/Controls/ControlRig_RoundedSquare_1mm.uasset" 247
"../../../Engine/Plugins/Animation/ControlRig/Content/Controls/ControlRig_RoundedSquare_1mm.uexp" 248
"../../../Engine/Content/EngineMaterials/DefaultWhiteGrid_Low.uasset" 249
"../../../Engine/Content/EngineMaterials/DefaultWhiteGrid_Low.uexp" 250
"../../../Engine/Content/EngineMaterials/EmissiveMeshMaterial.uasset" 251
"../../../Engine/Content/EngineMaterials/EmissiveMeshMaterial.uexp" 252
"../../../Engine/Plugins/Animation/ControlRig/Content/Controls/ControlRig_RoundedSquare_3mm.ubulk" 253
"../../../Engine/Plugins/Animation/ControlRig/Content/Controls/ControlRig_RoundedSquare_3mm.uasset" 254
"../../../Engine/Plugins/Animation/ControlRig/Content/Controls/ControlRig_RoundedSquare_3mm.uexp" 255
"../../../Engine/Plugins/Animation/ControlRig/Content/Controls/ControlRig_RoundedSquare_solid.ubulk" 256
"../../../Engine/Plugins/Animation/ControlRig/Content/Controls/ControlRig_RoundedSquare_solid.uasset" 257
"../../../Engine/Plugins/Animation/ControlRig/Content/Controls/ControlRig_RoundedSquare_solid.uexp" 258
"../../../Engine/Plugins/Animation/ControlRig/Content/Controls/ControlRig_RoundedTriangle_1mm.ubulk" 259
"../../../Engine/Plugins/Animation/ControlRig/Content/Controls/ControlRig_RoundedTriangle_1mm.uasset" 260
"../../../Engine/Plugins/Animation/ControlRig/Content/Controls/ControlRig_RoundedTriangle_1mm.uexp" 261
"../../../Engine/Content/EngineMaterials/FastBlueNoise_scalar_128x128x64.uasset" 262
"../../../Engine/Content/EngineMaterials/FastBlueNoise_scalar_128x128x64.uexp" 263
"../../../Engine/Plugins/Animation/ControlRig/Content/Controls/ControlRig_RoundedTriangle_3mm.ubulk" 264
"../../../Engine/Plugins/Animation/ControlRig/Content/Controls/ControlRig_RoundedTriangle_3mm.uasset" 265
"../../../Engine/Plugins/Animation/ControlRig/Content/Controls/ControlRig_RoundedTriangle_3mm.uexp" 266
"../../../Engine/Plugins/Animation/ControlRig/Content/Controls/ControlRig_RoundedTriangle_solid.ubulk" 267
"../../../Engine/Plugins/Animation/ControlRig/Content/Controls/ControlRig_RoundedTriangle_solid.uasset" 268
"../../../Engine/Plugins/Animation/ControlRig/Content/Controls/ControlRig_RoundedTriangle_solid.uexp" 269
"../../../Engine/Plugins/Animation/ControlRig/Content/Controls/ControlRig_Sphere_1mm.ubulk" 270
"../../../Engine/Plugins/Animation/ControlRig/Content/Controls/ControlRig_Sphere_1mm.uasset" 271
"../../../Engine/Plugins/Animation/ControlRig/Content/Controls/ControlRig_Sphere_1mm.uexp" 272
"../../../Engine/Plugins/Animation/ControlRig/Content/Controls/ControlRig_Sphere_3mm.ubulk" 273
"../../../Engine/Plugins/Animation/ControlRig/Content/Controls/ControlRig_Sphere_3mm.uasset" 274
"../../../Engine/Plugins/Animation/ControlRig/Content/Controls/ControlRig_Sphere_3mm.uexp" 275
"../../../Engine/Content/EngineMaterials/FastBlueNoise_scalar_128x128x8.uasset" 276
"../../../Engine/Content/EngineMaterials/FastBlueNoise_scalar_128x128x8.uexp" 277
"../../../Engine/Plugins/Animation/ControlRig/Content/Controls/ControlRig_Sphere_solid.ubulk" 278
"../../../Engine/Plugins/Animation/ControlRig/Content/Controls/ControlRig_Sphere_solid.uasset" 279
"../../../Engine/Plugins/Animation/ControlRig/Content/Controls/ControlRig_Sphere_solid.uexp" 280
"../../../Engine/Content/EngineMaterials/FastBlueNoise_vec2_128x128x64.uasset" 281
"../../../Engine/Content/EngineMaterials/FastBlueNoise_vec2_128x128x64.uexp" 282
"../../../Engine/Plugins/Animation/ControlRig/Content/Controls/ControlRig_Square_1mm.ubulk" 283
"../../../Engine/Plugins/Animation/ControlRig/Content/Controls/ControlRig_Square_1mm.uasset" 284
"../../../Engine/Plugins/Animation/ControlRig/Content/Controls/ControlRig_Square_1mm.uexp" 285
"../../../Engine/Plugins/Animation/ControlRig/Content/Controls/ControlRig_Square_3mm.ubulk" 286
"../../../Engine/Plugins/Animation/ControlRig/Content/Controls/ControlRig_Square_3mm.uasset" 287
"../../../Engine/Plugins/Animation/ControlRig/Content/Controls/ControlRig_Square_3mm.uexp" 288
"../../../Engine/Content/EngineMaterials/BaseFlattenDiffuseMap.uasset" 289
"../../../Engine/Content/EngineMaterials/BaseFlattenDiffuseMap.uexp" 290
"../../../Engine/Content/EngineMaterials/BaseFlattenEmissiveMap.uasset" 291
"../../../Engine/Content/EngineMaterials/BaseFlattenEmissiveMap.uexp" 292
"../../../Engine/Content/EngineMaterials/BaseFlattenGrayscaleMap.uasset" 293
"../../../Engine/Content/EngineMaterials/BaseFlattenGrayscaleMap.uexp" 294
"../../../Engine/Content/EngineMaterials/BaseFlattenLinearColor.uasset" 295
"../../../Engine/Content/EngineMaterials/BaseFlattenLinearColor.uexp" 296
"../../../Engine/Content/EngineMaterials/BaseFlattenNormalMap.uasset" 297
"../../../Engine/Content/EngineMaterials/BaseFlattenNormalMap.uexp" 298
"../../../Engine/Content/Functions/Engine_MaterialFunctions02/PivotPainter2/Black_1x1_EXR_Texture.uasset" 299
"../../../Engine/Content/Functions/Engine_MaterialFunctions02/PivotPainter2/Black_1x1_EXR_Texture.uexp" 300
"../../../Engine/Content/EngineMaterials/FlattenMaterial.uasset" 301
"../../../Engine/Content/EngineMaterials/FlattenMaterial.uexp" 302
"../../../Engine/Plugins/Animation/ControlRig/Content/Controls/ControlRig_Square_solid.ubulk" 303
"../../../Engine/Plugins/Animation/ControlRig/Content/Controls/ControlRig_Square_solid.uasset" 304
"../../../Engine/Plugins/Animation/ControlRig/Content/Controls/ControlRig_Square_solid.uexp" 305
"../../../Engine/Content/EngineMaterials/BaseFlattenDiffuseMap_VT.ubulk" 306
"../../../Engine/Content/EngineMaterials/BaseFlattenDiffuseMap_VT.uasset" 307
"../../../Engine/Content/EngineMaterials/BaseFlattenDiffuseMap_VT.uexp" 308
"../../../Engine/Content/EngineMaterials/BaseFlattenEmissiveMap_VT.ubulk" 309
"../../../Engine/Content/EngineMaterials/BaseFlattenEmissiveMap_VT.uasset" 310
"../../../Engine/Content/EngineMaterials/BaseFlattenEmissiveMap_VT.uexp" 311
"../../../Engine/Content/EngineMaterials/BaseFlattenGrayscaleMap_VT.ubulk" 312
"../../../Engine/Content/EngineMaterials/BaseFlattenGrayscaleMap_VT.uasset" 313
"../../../Engine/Content/EngineMaterials/BaseFlattenGrayscaleMap_VT.uexp" 314
"../../../Engine/Content/EngineMaterials/BaseFlattenLinearColor_VT.ubulk" 315
"../../../Engine/Content/EngineMaterials/BaseFlattenLinearColor_VT.uasset" 316
"../../../Engine/Content/EngineMaterials/BaseFlattenLinearColor_VT.uexp" 317
"../../../Engine/Content/EngineMaterials/BaseFlattenNormalMap_VT.ubulk" 318
"../../../Engine/Content/EngineMaterials/BaseFlattenNormalMap_VT.uasset" 319
"../../../Engine/Content/EngineMaterials/BaseFlattenNormalMap_VT.uexp" 320
"../../../Engine/Content/EngineMaterials/Black_1x1_EXR_Texture_VT.ubulk" 321
"../../../Engine/Content/EngineMaterials/Black_1x1_EXR_Texture_VT.uasset" 322
"../../../Engine/Content/EngineMaterials/Black_1x1_EXR_Texture_VT.uexp" 323
"../../../Engine/Content/EngineMaterials/FlattenMaterial_VT.uasset" 324
"../../../Engine/Content/EngineMaterials/FlattenMaterial_VT.uexp" 325
"../../../Engine/Content/EngineMaterials/FlattenMaterial_WS_Normal_VT.uasset" 326
"../../../Engine/Content/EngineMaterials/FlattenMaterial_WS_Normal_VT.uexp" 327
"../../../Engine/Plugins/Animation/ControlRig/Content/Controls/ControlRig_Star4_1mm.ubulk" 328
"../../../Engine/Plugins/Animation/ControlRig/Content/Controls/ControlRig_Star4_1mm.uasset" 329
"../../../Engine/Plugins/Animation/ControlRig/Content/Controls/ControlRig_Star4_1mm.uexp" 330
"../../../Engine/Plugins/Animation/ControlRig/Content/Controls/ControlRig_Star4_3mm.ubulk" 331
"../../../Engine/Plugins/Animation/ControlRig/Content/Controls/ControlRig_Star4_3mm.uasset" 332
"../../../Engine/Plugins/Animation/ControlRig/Content/Controls/ControlRig_Star4_3mm.uexp" 333
"../../../Engine/Content/EngineMaterials/GizmoMaterial.uasset" 334
"../../../Engine/Content/EngineMaterials/GizmoMaterial.uexp" 335
"../../../Engine/Plugins/Animation/ControlRig/Content/Controls/ControlRig_Star4_solid.ubulk" 336
"../../../Engine/Plugins/Animation/ControlRig/Content/Controls/ControlRig_Star4_solid.uasset" 337
"../../../Engine/Plugins/Animation/ControlRig/Content/Controls/ControlRig_Star4_solid.uexp" 338
"../../../Engine/Plugins/Animation/ControlRig/Content/Controls/ControlRig_Triangle_1mm.ubulk" 339
"../../../Engine/Plugins/Animation/ControlRig/Content/Controls/ControlRig_Triangle_1mm.uasset" 340
"../../../Engine/Plugins/Animation/ControlRig/Content/Controls/ControlRig_Triangle_1mm.uexp" 341
"../../../Engine/Plugins/Animation/ControlRig/Content/Controls/ControlRig_Triangle_3mm.ubulk" 342
"../../../Engine/Plugins/Animation/ControlRig/Content/Controls/ControlRig_Triangle_3mm.uasset" 343
"../../../Engine/Plugins/Animation/ControlRig/Content/Controls/ControlRig_Triangle_3mm.uexp" 344
"../../../Engine/Plugins/Animation/ControlRig/Content/Controls/ControlRig_Triangle_solid.ubulk" 345
"../../../Engine/Plugins/Animation/ControlRig/Content/Controls/ControlRig_Triangle_solid.uasset" 346
"../../../Engine/Plugins/Animation/ControlRig/Content/Controls/ControlRig_Triangle_solid.uexp" 347
"../../../Engine/Plugins/Animation/ControlRig/Content/Controls/ControlRig_Wedge_1mm.ubulk" 348
"../../../Engine/Plugins/Animation/ControlRig/Content/Controls/ControlRig_Wedge_1mm.uasset" 349
"../../../Engine/Plugins/Animation/ControlRig/Content/Controls/ControlRig_Wedge_1mm.uexp" 350
"../../../Engine/Plugins/Animation/ControlRig/Content/Controls/ControlRig_Wedge_3mm.ubulk" 351
"../../../Engine/Plugins/Animation/ControlRig/Content/Controls/ControlRig_Wedge_3mm.uasset" 352
"../../../Engine/Plugins/Animation/ControlRig/Content/Controls/ControlRig_Wedge_3mm.uexp" 353
"../../../Engine/Plugins/Animation/ControlRig/Content/Controls/ControlRig_Wedge_solid.ubulk" 354
"../../../Engine/Plugins/Animation/ControlRig/Content/Controls/ControlRig_Wedge_solid.uasset" 355
"../../../Engine/Plugins/Animation/ControlRig/Content/Controls/ControlRig_Wedge_solid.uexp" 356
"../../../Engine/Content/EngineMaterials/MiniFont.uasset" 357
"../../../Engine/Content/EngineMaterials/MiniFont.uexp" 358
"../../../Engine/Content/EngineMaterials/InvalidLightmapSettings.ubulk" 359
"../../../Engine/Content/EngineMaterials/InvalidLightmapSettings.uasset" 360
"../../../Engine/Content/EngineMaterials/InvalidLightmapSettings.uexp" 361
"../../../Engine/Content/EngineMaterials/M_InvalidLightmapSettings.uasset" 362
"../../../Engine/Content/EngineMaterials/M_InvalidLightmapSettings.uexp" 363
"../../../Engine/Content/EngineMaterials/NaniteHiddenSectionMaterial.uasset" 364
"../../../Engine/Content/EngineMaterials/NaniteHiddenSectionMaterial.uexp" 365
"../../../Engine/Content/EngineDebugMaterials/DebugEditorMaterial.uasset" 366
"../../../Engine/Content/EngineDebugMaterials/DebugEditorMaterial.uexp" 367
"../../../Engine/Content/EngineDebugMaterials/DebugMeshMaterial.uasset" 368
"../../../Engine/Content/EngineDebugMaterials/DebugMeshMaterial.uexp" 369
"../../../Engine/Plugins/Animation/DeformerGraph/Content/DeformerFunctions/DG_Function_LinearBlendSkin_Morph_Cloth.uasset" 370
"../../../Engine/Plugins/Animation/DeformerGraph/Content/DeformerFunctions/DG_Function_LinearBlendSkin_Morph_Cloth.uexp" 371
"../../../Engine/Plugins/Animation/DeformerGraph/Content/Deformers/DG_LinearBlendSkin_Morph_Cloth.uasset" 372
"../../../Engine/Plugins/Animation/DeformerGraph/Content/Deformers/DG_LinearBlendSkin_Morph_Cloth.uexp" 373
"../../../Engine/Plugins/Animation/DeformerGraph/Content/DeformerFunctions/DG_Function_ComputeNormalsTangents.uasset" 374
"../../../Engine/Plugins/Animation/DeformerGraph/Content/DeformerFunctions/DG_Function_ComputeNormalsTangents.uexp" 375
"../../../Engine/Plugins/Animation/DeformerGraph/Content/DeformerFunctions/DG_Function_LinearBlendSkin_Morph_Cloth_PositionOnly.uasset" 376
"../../../Engine/Plugins/Animation/DeformerGraph/Content/DeformerFunctions/DG_Function_LinearBlendSkin_Morph_Cloth_PositionOnly.uexp" 377
"../../../Engine/Plugins/Animation/DeformerGraph/Content/Deformers/DG_LinearBlendSkin_Morph_Cloth_RecomputeNormals.uasset" 378
"../../../Engine/Plugins/Animation/DeformerGraph/Content/Deformers/DG_LinearBlendSkin_Morph_Cloth_RecomputeNormals.uexp" 379
"../../../Engine/Content/Functions/Engine_MaterialFunctions02/WorldPositionOffset/CameraOffset.uasset" 380
"../../../Engine/Content/Functions/Engine_MaterialFunctions02/WorldPositionOffset/CameraOffset.uexp" 381
"../../../Engine/Content/EngineMaterials/PhAT_JointLimitMaterial.uasset" 382
"../../../Engine/Content/EngineMaterials/PhAT_JointLimitMaterial.uexp" 383
"../../../Engine/Content/EngineMaterials/DefaultCalibrationColor.uasset" 384
"../../../Engine/Content/EngineMaterials/DefaultCalibrationColor.uexp" 385
"../../../Engine/Content/EngineMaterials/PPM_DefaultCalibrationColor.uasset" 386
"../../../Engine/Content/EngineMaterials/PPM_DefaultCalibrationColor.uexp" 387
"../../../Engine/Content/EngineMaterials/DefaultCalibrationGrayscale.uasset" 388
"../../../Engine/Content/EngineMaterials/DefaultCalibrationGrayscale.uexp" 389
"../../../Engine/Content/EngineMaterials/PPM_DefaultCalibrationGrayscale.uasset" 390
"../../../Engine/Content/EngineMaterials/PPM_DefaultCalibrationGrayscale.uexp" 391
"../../../Engine/Content/EngineMaterials/PreintegratedSkinBRDF.uasset" 392
"../../../Engine/Content/EngineMaterials/PreintegratedSkinBRDF.uexp" 393
"../../../Engine/Content/EngineDebugMaterials/M_SimpleUnlitTranslucent.uasset" 394
"../../../Engine/Content/EngineDebugMaterials/M_SimpleUnlitTranslucent.uexp" 395
"../../../Engine/Content/Functions/Engine_MaterialFunctions02/Utility/CameraDirectionVector.uasset" 396
"../../../Engine/Content/Functions/Engine_MaterialFunctions02/Utility/CameraDirectionVector.uexp" 397
"../../../Engine/Content/EngineDebugMaterials/VolumeToRender.uasset" 398
"../../../Engine/Content/EngineDebugMaterials/VolumeToRender.uexp" 399
"../../../Engine/Content/EngineDebugMaterials/M_VolumeRenderSphereTracePP.uasset" 400
"../../../Engine/Content/EngineDebugMaterials/M_VolumeRenderSphereTracePP.uexp" 401
"../../../Engine/Content/Functions/Engine_MaterialFunctions02/Utility/VectorLength.uasset" 402
"../../../Engine/Content/Functions/Engine_MaterialFunctions02/Utility/VectorLength.uexp" 403
"../../../Engine/Content/Functions/Engine_MaterialFunctions02/WorldPositionOffset/ObjectScale.uasset" 404
"../../../Engine/Content/Functions/Engine_MaterialFunctions02/WorldPositionOffset/ObjectScale.uexp" 405
"../../../Engine/Plugins/Editor/SpeedTreeImporter/Content/SpeedTree9/Empty.uasset" 406
"../../../Engine/Plugins/Editor/SpeedTreeImporter/Content/SpeedTree9/Empty.uexp" 407
"../../../Engine/Plugins/Editor/SpeedTreeImporter/Content/SpeedTree9/EmptyNormal.uasset" 408
"../../../Engine/Plugins/Editor/SpeedTreeImporter/Content/SpeedTree9/EmptyNormal.uexp" 409
"../../../Engine/Plugins/Editor/SpeedTreeImporter/Content/SpeedTree9/game_wind_noise.ubulk" 410
"../../../Engine/Plugins/Editor/SpeedTreeImporter/Content/SpeedTree9/game_wind_noise.uasset" 411
"../../../Engine/Plugins/Editor/SpeedTreeImporter/Content/SpeedTree9/game_wind_noise.uexp" 412
"../../../Engine/Plugins/Editor/SpeedTreeImporter/Content/SpeedTree9/SpeedTreeBillboard.uasset" 413
"../../../Engine/Plugins/Editor/SpeedTreeImporter/Content/SpeedTree9/SpeedTreeBillboard.uexp" 414
"../../../Engine/Content/Functions/Engine_MaterialFunctions02/SafeNormalize.uasset" 415
"../../../Engine/Content/Functions/Engine_MaterialFunctions02/SafeNormalize.uexp" 416
"../../../Engine/Plugins/Editor/SpeedTreeImporter/Content/SpeedTree9/SpeedTreeWindMotion.uasset" 417
"../../../Engine/Plugins/Editor/SpeedTreeImporter/Content/SpeedTree9/SpeedTreeWindMotion.uexp" 418
"../../../Engine/Plugins/Editor/SpeedTreeImporter/Content/SpeedTree9/UnpackDirection.uasset" 419
"../../../Engine/Plugins/Editor/SpeedTreeImporter/Content/SpeedTree9/UnpackDirection.uexp" 420
"../../../Engine/Plugins/Editor/SpeedTreeImporter/Content/SpeedTree9/UnpackInteger3.uasset" 421
"../../../Engine/Plugins/Editor/SpeedTreeImporter/Content/SpeedTree9/UnpackInteger3.uexp" 422
"../../../Engine/Plugins/Editor/SpeedTreeImporter/Content/SpeedTree9/SpeedTreeBranchMotion.uasset" 423
"../../../Engine/Plugins/Editor/SpeedTreeImporter/Content/SpeedTree9/SpeedTreeBranchMotion.uexp" 424
"../../../Engine/Content/Functions/Engine_MaterialFunctions02/ObjectLocalBounds.uasset" 425
"../../../Engine/Content/Functions/Engine_MaterialFunctions02/ObjectLocalBounds.uexp" 426
"../../../Engine/Content/Functions/Engine_MaterialFunctions02/UVs/BoundingBoxBased_0-1_UVW.uasset" 427
"../../../Engine/Content/Functions/Engine_MaterialFunctions02/UVs/BoundingBoxBased_0-1_UVW.uexp" 428
"../../../Engine/Plugins/Editor/SpeedTreeImporter/Content/SpeedTree9/SpeedTreeWind.uasset" 429
"../../../Engine/Plugins/Editor/SpeedTreeImporter/Content/SpeedTree9/SpeedTreeWind.uexp" 430
"../../../Engine/Plugins/Editor/SpeedTreeImporter/Content/SpeedTree9/SpeedTreeBillboardMaster.uasset" 431
"../../../Engine/Plugins/Editor/SpeedTreeImporter/Content/SpeedTree9/SpeedTreeBillboardMaster.uexp" 432
"../../../Engine/Content/EngineMaterials/RemoveSurfaceMaterial.uasset" 433
"../../../Engine/Content/EngineMaterials/RemoveSurfaceMaterial.uexp" 434
"../../../Engine/Plugins/Editor/SpeedTreeImporter/Content/SpeedTree9/SpeedTreeCameraFacing.uasset" 435
"../../../Engine/Plugins/Editor/SpeedTreeImporter/Content/SpeedTree9/SpeedTreeCameraFacing.uexp" 436
"../../../Engine/Plugins/Editor/SpeedTreeImporter/Content/SpeedTree9/SpeedTreeMaster.uasset" 437
"../../../Engine/Plugins/Editor/SpeedTreeImporter/Content/SpeedTree9/SpeedTreeMaster.uexp" 438
"../../../Engine/Content/EngineMaterials/SMAAAreaTex.uasset" 439
"../../../Engine/Content/EngineMaterials/SMAAAreaTex.uexp" 440
"../../../Engine/Content/EngineMaterials/SMAASearchTex.uasset" 441
"../../../Engine/Content/EngineMaterials/SMAASearchTex.uexp" 442
"../../../Engine/Content/EngineMaterials/WeightMapPlaceholderTexture.uasset" 443
"../../../Engine/Content/EngineMaterials/WeightMapPlaceholderTexture.uexp" 444
"../../../Engine/Content/EngineMaterials/WeightMapArrayPlaceholderTexture.uasset" 445
"../../../Engine/Content/EngineMaterials/WeightMapArrayPlaceholderTexture.uexp" 446
"../../../Engine/Content/EngineResources/WhiteSquareTexture.uasset" 447
"../../../Engine/Content/EngineResources/WhiteSquareTexture.uexp" 448
"../../../Engine/Content/EngineMaterials/Widget3DPassThrough.uasset" 449
"../../../Engine/Content/EngineMaterials/Widget3DPassThrough.uexp" 450
"../../../Engine/Content/EngineMaterials/Widget3DPassThrough_Masked.uasset" 451
"../../../Engine/Content/EngineMaterials/Widget3DPassThrough_Masked.uexp" 452
"../../../Engine/Content/EngineMaterials/Widget3DPassThrough_Opaque.uasset" 453
"../../../Engine/Content/EngineMaterials/Widget3DPassThrough_Opaque.uexp" 454
"../../../Engine/Content/EngineMaterials/Widget3DPassThrough_Masked_OneSided.uasset" 455
"../../../Engine/Content/EngineMaterials/Widget3DPassThrough_Masked_OneSided.uexp" 456
"../../../Engine/Content/EngineMaterials/Widget3DPassThrough_Opaque_OneSided.uasset" 457
"../../../Engine/Content/EngineMaterials/Widget3DPassThrough_Opaque_OneSided.uexp" 458
"../../../Engine/Content/EngineMaterials/Widget3DPassThrough_Translucent.uasset" 459
"../../../Engine/Content/EngineMaterials/Widget3DPassThrough_Translucent.uexp" 460
"../../../Engine/Content/EngineMaterials/Widget3DPassThrough_Translucent_OneSided.uasset" 461
"../../../Engine/Content/EngineMaterials/Widget3DPassThrough_Translucent_OneSided.uexp" 462
"../../../Engine/Content/EngineMeshes/Sphere.ubulk" 463
"../../../Engine/Content/EngineMeshes/Sphere.uasset" 464
"../../../Engine/Content/EngineMeshes/Sphere.uexp" 465
"../../../Engine/Content/EngineMaterials/DefaultBloomKernel.uasset" 466
"../../../Engine/Content/EngineMaterials/DefaultBloomKernel.uexp" 467
"../../../Engine/Content/EngineMaterials/DefaultBokeh.uasset" 468
"../../../Engine/Content/EngineMaterials/DefaultBokeh.uexp" 469
"../../../Engine/Plugins/Interchange/Assets/Content/Functions/MX_AbsorptionVDF.uasset" 470
"../../../Engine/Plugins/Interchange/Assets/Content/Functions/MX_AbsorptionVDF.uexp" 471
"../../../Engine/Content/EngineMaterials/DefaultDiffuse.ubulk" 472
"../../../Engine/Content/EngineMaterials/DefaultDiffuse.uasset" 473
"../../../Engine/Content/EngineMaterials/DefaultDiffuse.uexp" 474
"../../../Engine/Content/EngineMaterials/DefaultDeferredDecalMaterial.uasset" 475
"../../../Engine/Content/EngineMaterials/DefaultDeferredDecalMaterial.uexp" 476
"../../../Engine/Plugins/Interchange/Assets/Content/Functions/MX_AnisotropicVDF.uasset" 477
"../../../Engine/Plugins/Interchange/Assets/Content/Functions/MX_AnisotropicVDF.uexp" 478
"../../../Engine/Plugins/Interchange/Assets/Content/Functions/MX_BurleyDiffuseBSDF.uasset" 479
"../../../Engine/Plugins/Interchange/Assets/Content/Functions/MX_BurleyDiffuseBSDF.uexp" 480
"../../../Engine/Content/EngineMaterials/DefaultLightFunctionMaterial.uasset" 481
"../../../Engine/Content/EngineMaterials/DefaultLightFunctionMaterial.uexp" 482
"../../../Engine/Plugins/Interchange/Assets/Content/Functions/MX_ChiangHairBSDF.uasset" 483
"../../../Engine/Plugins/Interchange/Assets/Content/Functions/MX_ChiangHairBSDF.uexp" 484
"../../../Engine/Plugins/Interchange/Assets/Content/Functions/MX_ConductorBSDF.uasset" 485
"../../../Engine/Plugins/Interchange/Assets/Content/Functions/MX_ConductorBSDF.uexp" 486
"../../../Engine/Plugins/Interchange/Assets/Content/Functions/MX_ConicalEDF.uasset" 487
"../../../Engine/Plugins/Interchange/Assets/Content/Functions/MX_ConicalEDF.uexp" 488
"../../../Engine/Content/Functions/Engine_MaterialFunctions02/Utility/BreakOutFloat2Components.uasset" 489
"../../../Engine/Content/Functions/Engine_MaterialFunctions02/Utility/BreakOutFloat2Components.uexp" 490
"../../../Engine/Content/EngineMaterials/DefaultPostProcessMaterial.uasset" 491
"../../../Engine/Content/EngineMaterials/DefaultPostProcessMaterial.uexp" 492
"../../../Engine/Plugins/Interchange/Assets/Content/Functions/MX_DielectricBSDF.uasset" 493
"../../../Engine/Plugins/Interchange/Assets/Content/Functions/MX_DielectricBSDF.uexp" 494
"../../../Engine/Plugins/Interchange/Assets/Content/Functions/MX_Displacement.uasset" 495
"../../../Engine/Plugins/Interchange/Assets/Content/Functions/MX_Displacement.uexp" 496
"../../../Engine/Content/EngineFonts/RobotoDistanceField.uasset" 497
"../../../Engine/Content/EngineFonts/RobotoDistanceField.uexp" 498
"../../../Engine/Content/EngineMaterials/DefaultTextMaterialOpaque.uasset" 499
"../../../Engine/Content/EngineMaterials/DefaultTextMaterialOpaque.uexp" 500
"../../../Engine/Plugins/Interchange/Assets/Content/Functions/MX_GeneralizedSchlickBSDF.uasset" 501
"../../../Engine/Plugins/Interchange/Assets/Content/Functions/MX_GeneralizedSchlickBSDF.uexp" 502
"../../../Engine/Content/EngineMaterials/DefaultWhiteGrid.ubulk" 503
"../../../Engine/Content/EngineMaterials/DefaultWhiteGrid.uasset" 504
"../../../Engine/Content/EngineMaterials/DefaultWhiteGrid.uexp" 505
"../../../Engine/Plugins/Interchange/Assets/Content/Functions/MX_MeasuredEDF.uasset" 506
"../../../Engine/Plugins/Interchange/Assets/Content/Functions/MX_MeasuredEDF.uexp" 507
"../../../Engine/Plugins/Interchange/Assets/Content/Functions/MF_IridescenceNoLUT.uasset" 508
"../../../Engine/Plugins/Interchange/Assets/Content/Functions/MF_IridescenceNoLUT.uexp" 509
"../../../Engine/Plugins/Interchange/Assets/Content/Functions/MX_StandardSurface.uasset" 510
"../../../Engine/Plugins/Interchange/Assets/Content/Functions/MX_StandardSurface.uexp" 511
"../../../Engine/Plugins/Interchange/Assets/Content/Functions/MX_OpenPBR_Opaque.uasset" 512
"../../../Engine/Plugins/Interchange/Assets/Content/Functions/MX_OpenPBR_Opaque.uexp" 513
"../../../Engine/Plugins/Interchange/Assets/Content/Functions/MX_TransmissionSurface.uasset" 514
"../../../Engine/Plugins/Interchange/Assets/Content/Functions/MX_TransmissionSurface.uexp" 515
"../../../Engine/Plugins/Interchange/Assets/Content/Functions/MX_OpenPBR_Translucent.uasset" 516
"../../../Engine/Plugins/Interchange/Assets/Content/Functions/MX_OpenPBR_Translucent.uexp" 517
"../../../Engine/Plugins/Interchange/Assets/Content/Functions/MX_OrenNayarBSDF.uasset" 518
"../../../Engine/Plugins/Interchange/Assets/Content/Functions/MX_OrenNayarBSDF.uexp" 519
"../../../Engine/Plugins/Experimental/MeshModelingToolsetExp/Content/Materials/GetDisplacementVectorForDepthBias.uasset" 520
"../../../Engine/Plugins/Experimental/MeshModelingToolsetExp/Content/Materials/GetDisplacementVectorForDepthBias.uexp" 521
"../../../Engine/Content/Functions/Engine_MaterialFunctions03/Viewport/MF_OrthoWidth.uasset" 522
"../../../Engine/Content/Functions/Engine_MaterialFunctions03/Viewport/MF_OrthoWidth.uexp" 523
"../../../Engine/Content/Functions/Engine_MaterialFunctions02/WorldPositionOffset/V2/ObjectScale.uasset" 524
"../../../Engine/Content/Functions/Engine_MaterialFunctions02/WorldPositionOffset/V2/ObjectScale.uexp" 525
"../../../Engine/Content/Functions/Engine_MaterialFunctions02/Utility/FOV.uasset" 526
"../../../Engine/Content/Functions/Engine_MaterialFunctions02/Utility/FOV.uexp" 527
"../../../Engine/Plugins/Experimental/MeshModelingToolsetExp/Content/Materials/PointSetOverlaidComponentMaterial.uasset" 528
"../../../Engine/Plugins/Experimental/MeshModelingToolsetExp/Content/Materials/PointSetOverlaidComponentMaterial.uexp" 529
"../../../Engine/Plugins/Interchange/Assets/Content/Functions/MX_SheenBSDF.uasset" 530
"../../../Engine/Plugins/Interchange/Assets/Content/Functions/MX_SheenBSDF.uexp" 531
"../../../Engine/Plugins/Interchange/Assets/Content/Functions/MX_SubsurfaceBSDF.uasset" 532
"../../../Engine/Plugins/Interchange/Assets/Content/Functions/MX_SubsurfaceBSDF.uexp" 533
"../../../Engine/Plugins/Interchange/Assets/Content/Functions/MX_Surface.uasset" 534
"../../../Engine/Plugins/Interchange/Assets/Content/Functions/MX_Surface.uexp" 535
"../../../Engine/Plugins/Interchange/Assets/Content/Functions/MX_SurfaceUnlit.uasset" 536
"../../../Engine/Plugins/Interchange/Assets/Content/Functions/MX_SurfaceUnlit.uexp" 537
"../../../Engine/Plugins/Interchange/Assets/Content/Functions/MX_TranslucentBSDF.uasset" 538
"../../../Engine/Plugins/Interchange/Assets/Content/Functions/MX_TranslucentBSDF.uexp" 539
"../../../Engine/Plugins/Interchange/Assets/Content/Functions/MX_UniformEDF.uasset" 540
"../../../Engine/Plugins/Interchange/Assets/Content/Functions/MX_UniformEDF.uexp" 541
"../../../Engine/Plugins/Interchange/Assets/Content/Functions/MX_UsdPreviewSurface.uasset" 542
"../../../Engine/Plugins/Interchange/Assets/Content/Functions/MX_UsdPreviewSurface.uexp" 543
"../../../Engine/Plugins/Interchange/Assets/Content/Substrate/MX_SimpleVolume.uasset" 544
"../../../Engine/Plugins/Interchange/Assets/Content/Substrate/MX_SimpleVolume.uexp" 545
"../../../Engine/Plugins/Runtime/AudioWidgets/Content/Resources/ScrubHandleDown_Clamped.uasset" 546
"../../../Engine/Plugins/Runtime/AudioWidgets/Content/Resources/ScrubHandleDown_Clamped.uexp" 547
"../../../Engine/Plugins/Runtime/HairStrands/Content/Materials/HairCardsDefaultMaterial.uasset" 548
"../../../Engine/Plugins/Runtime/HairStrands/Content/Materials/HairCardsDefaultMaterial.uexp" 549
"../../../Engine/Content/Functions/Engine_MaterialFunctions02/Utility/MakeFloat2.uasset" 550
"../../../Engine/Content/Functions/Engine_MaterialFunctions02/Utility/MakeFloat2.uexp" 551
"../../../Engine/Content/EngineMaterials/HairColorMap.uasset" 552
"../../../Engine/Content/EngineMaterials/HairColorMap.uexp" 553
"../../../Engine/Content/EngineMaterials/HairDebugColor.uasset" 554
"../../../Engine/Content/EngineMaterials/HairDebugColor.uexp" 555
"../../../Engine/Plugins/Runtime/HairStrands/Content/Materials/HairGroupColors.uasset" 556
"../../../Engine/Plugins/Runtime/HairStrands/Content/Materials/HairGroupColors.uexp" 557
"../../../Engine/Plugins/Runtime/HairStrands/Content/Materials/HairDebugMaterial.uasset" 558
"../../../Engine/Plugins/Runtime/HairStrands/Content/Materials/HairDebugMaterial.uexp" 559
"../../../Engine/Plugins/Runtime/HairStrands/Content/Materials/HairDefaultMaterial.uasset" 560
"../../../Engine/Plugins/Runtime/HairStrands/Content/Materials/HairDefaultMaterial.uexp" 561
"../../../Engine/Plugins/Runtime/HairStrands/Content/Materials/HairMeshesDefaultMaterial.uasset" 562
"../../../Engine/Plugins/Runtime/HairStrands/Content/Materials/HairMeshesDefaultMaterial.uexp" 563
"../../../Engine/Content/EditorMaterials/Dataflow/DataflowTwoSidedVertexMaterial.uasset" 564
"../../../Engine/Content/EditorMaterials/Dataflow/DataflowTwoSidedVertexMaterial.uexp" 565
"../../../Engine/Content/EditorMaterials/Dataflow/DataflowVertexMaterial.uasset" 566
"../../../Engine/Content/EditorMaterials/Dataflow/DataflowVertexMaterial.uexp" 567
"../../../Engine/Content/EditorMaterials/ParticleSystems/PSysThumbnail_NoImage.ubulk" 568
"../../../Engine/Content/EditorMaterials/ParticleSystems/PSysThumbnail_NoImage.uasset" 569
"../../../Engine/Content/EditorMaterials/ParticleSystems/PSysThumbnail_NoImage.uexp" 570
"../../../Engine/Content/EditorMaterials/ParticleSystems/PSysThumbnail_OOD.ubulk" 571
"../../../Engine/Content/EditorMaterials/ParticleSystems/PSysThumbnail_OOD.uasset" 572
"../../../Engine/Content/EditorMaterials/ParticleSystems/PSysThumbnail_OOD.uexp" 573
"../../../Engine/Content/EditorResources/SequenceRecorder/Countdown.uasset" 574
"../../../Engine/Content/EditorResources/SequenceRecorder/Countdown.uexp" 575
"../../../Engine/Content/EditorResources/SequenceRecorder/RecordingIndicator.uasset" 576
"../../../Engine/Content/EditorResources/SequenceRecorder/RecordingIndicator.uexp" 577
"../../../Engine/Content/EditorMaterials/Camera/CineMat.uasset" 578
"../../../Engine/Content/EditorMaterials/Camera/CineMat.uexp" 579
"../../../Engine/Content/EditorMaterials/Camera/MI_CineMat_Rig.uasset" 580
"../../../Engine/Content/EditorMaterials/Camera/MI_CineMat_Rig.uexp" 581
"../../../Engine/Content/EditorMeshes/Camera/SM_CraneRig_Arm.ubulk" 582
"../../../Engine/Content/EditorMeshes/Camera/SM_CraneRig_Arm.uasset" 583
"../../../Engine/Content/EditorMeshes/Camera/SM_CraneRig_Arm.uexp" 584
"../../../Engine/Content/EditorMeshes/Camera/SM_CraneRig_Base.ubulk" 585
"../../../Engine/Content/EditorMeshes/Camera/SM_CraneRig_Base.uasset" 586
"../../../Engine/Content/EditorMeshes/Camera/SM_CraneRig_Base.uexp" 587
"../../../Engine/Content/EditorMeshes/Camera/SM_CraneRig_Body.ubulk" 588
"../../../Engine/Content/EditorMeshes/Camera/SM_CraneRig_Body.uasset" 589
"../../../Engine/Content/EditorMeshes/Camera/SM_CraneRig_Body.uexp" 590
"../../../Engine/Content/EditorMeshes/Camera/SM_CraneRig_Mount.ubulk" 591
"../../../Engine/Content/EditorMeshes/Camera/SM_CraneRig_Mount.uasset" 592
"../../../Engine/Content/EditorMeshes/Camera/SM_CraneRig_Mount.uexp" 593
"../../../Engine/Content/EditorMeshes/Camera/SM_RailRig_Mount.ubulk" 594
"../../../Engine/Content/EditorMeshes/Camera/SM_RailRig_Mount.uasset" 595
"../../../Engine/Content/EditorMeshes/Camera/SM_RailRig_Mount.uexp" 596
"../../../Engine/Content/EditorMeshes/Camera/SM_RailRig_Track.ubulk" 597
"../../../Engine/Content/EditorMeshes/Camera/SM_RailRig_Track.uasset" 598
"../../../Engine/Content/EditorMeshes/Camera/SM_RailRig_Track.uexp" 599
"../../../Engine/Content/EngineMaterials/EnergyConservation/Diffuse_Energy.uasset" 600
"../../../Engine/Content/EngineMaterials/EnergyConservation/Diffuse_Energy.uexp" 601
"../../../Engine/Content/EngineMaterials/EnergyConservation/GGX_ReflectionEnergy.uasset" 602
"../../../Engine/Content/EngineMaterials/EnergyConservation/GGX_ReflectionEnergy.uexp" 603
"../../../Engine/Content/EngineMaterials/EnergyConservation/GGX_TransmissionEnergyArray.uasset" 604
"../../../Engine/Content/EngineMaterials/EnergyConservation/GGX_TransmissionEnergyArray.uexp" 605
"../../../Engine/Content/EngineMaterials/EnergyConservation/SheenLegacy_Energy.uasset" 606
"../../../Engine/Content/EngineMaterials/EnergyConservation/SheenLegacy_Energy.uexp" 607
"../../../Engine/Content/EngineMaterials/EnergyConservation/Sheen_Energy.uasset" 608
"../../../Engine/Content/EngineMaterials/EnergyConservation/Sheen_Energy.uexp" 609
"../../../Engine/Content/EngineMaterials/LTC/GGX_LTCAmp.uasset" 610
"../../../Engine/Content/EngineMaterials/LTC/GGX_LTCAmp.uexp" 611
"../../../Engine/Content/EngineMaterials/LTC/GGX_LTCMat.uasset" 612
"../../../Engine/Content/EngineMaterials/LTC/GGX_LTCMat.uexp" 613
"../../../Engine/Content/EngineMaterials/LTC/Sheen_LTC.uasset" 614
"../../../Engine/Content/EngineMaterials/LTC/Sheen_LTC.uexp" 615
"../../../Engine/Content/EngineResources/Development/ZenLogo_64.uasset" 616
"../../../Engine/Content/EngineResources/Development/ZenLogo_64.uexp" 617
"../../../Engine/Content/EngineResources/FilmGrains/Marcie_Grain_v3_128_M2_000.uasset" 618
"../../../Engine/Content/EngineResources/FilmGrains/Marcie_Grain_v3_128_M2_000.uexp" 619
"../../../Engine/Content/EditorLandscapeResources/DefaultAlphaTexture.uasset" 620
"../../../Engine/Content/EditorLandscapeResources/DefaultAlphaTexture.uexp" 621
"../../../Engine/Content/EditorLandscapeResources/LandscapeDirtyMaterial.uasset" 622
"../../../Engine/Content/EditorLandscapeResources/LandscapeDirtyMaterial.uexp" 623
"../../../Engine/Content/Functions/Engine_MaterialFunctions01/Texturing/ScaleUVsByCenter.uasset" 624
"../../../Engine/Content/Functions/Engine_MaterialFunctions01/Texturing/ScaleUVsByCenter.uexp" 625
"../../../Engine/Content/Functions/Engine_MaterialFunctions01/Texturing/TextureCropping.uasset" 626
"../../../Engine/Content/Functions/Engine_MaterialFunctions01/Texturing/TextureCropping.uexp" 627
"../../../Engine/Content/Functions/Engine_MaterialFunctions02/ExampleContent/DebugNumberStrip.uasset" 628
"../../../Engine/Content/Functions/Engine_MaterialFunctions02/ExampleContent/DebugNumberStrip.uexp" 629
"../../../Engine/Content/Functions/Engine_MaterialFunctions01/Debug/DebugIntValues.uasset" 630
"../../../Engine/Content/Functions/Engine_MaterialFunctions01/Debug/DebugIntValues.uexp" 631
"../../../Engine/Content/Functions/Engine_MaterialFunctions02/WorldPositionOffset/LocalPosition.uasset" 632
"../../../Engine/Content/Functions/Engine_MaterialFunctions02/WorldPositionOffset/LocalPosition.uexp" 633
"../../../Engine/Content/EditorLandscapeResources/LandscapeLayerUsageMaterial.uasset" 634
"../../../Engine/Content/EditorLandscapeResources/LandscapeLayerUsageMaterial.uexp" 635
"../../../Engine/Content/EditorLandscapeResources/WhiteSquareTexture.uasset" 636
"../../../Engine/Content/EditorLandscapeResources/WhiteSquareTexture.uexp" 637
"../../../Engine/Content/EditorLandscapeResources/LayerVisMaterial.uasset" 638
"../../../Engine/Content/EditorLandscapeResources/LayerVisMaterial.uexp" 639
"../../../Engine/Content/Functions/Engine_MaterialFunctions03/Math/WithinRangeFloat2.uasset" 640
"../../../Engine/Content/Functions/Engine_MaterialFunctions03/Math/WithinRangeFloat2.uexp" 641
"../../../Engine/Content/EditorLandscapeResources/MaskBrushMaterial.uasset" 642
"../../../Engine/Content/EditorLandscapeResources/MaskBrushMaterial.uexp" 643
"../../../Engine/Content/EditorLandscapeResources/MaskBrushMaterial_MaskedRegion.uasset" 644
"../../../Engine/Content/EditorLandscapeResources/MaskBrushMaterial_MaskedRegion.uexp" 645
"../../../Engine/Content/VREditor/TransformGizmo/BoundingBoxCorner.ubulk" 646
"../../../Engine/Content/VREditor/TransformGizmo/BoundingBoxCorner.uasset" 647
"../../../Engine/Content/VREditor/TransformGizmo/BoundingBoxCorner.uexp" 648
"../../../Engine/Content/VREditor/TransformGizmo/BoundingBoxEdge.ubulk" 649
"../../../Engine/Content/VREditor/TransformGizmo/BoundingBoxEdge.uasset" 650
"../../../Engine/Content/VREditor/TransformGizmo/BoundingBoxEdge.uexp" 651
"../../../Engine/Content/EditorLandscapeResources/SelectBrushMaterial.uasset" 652
"../../../Engine/Content/EditorLandscapeResources/SelectBrushMaterial.uexp" 653
"../../../Engine/Content/EditorLandscapeResources/SelectBrushMaterial_Selected.uasset" 654
"../../../Engine/Content/EditorLandscapeResources/SelectBrushMaterial_Selected.uexp" 655
"../../../Engine/Content/EditorLandscapeResources/SelectBrushMaterial_SelectedRegion.uasset" 656
"../../../Engine/Content/EditorLandscapeResources/SelectBrushMaterial_SelectedRegion.uexp" 657
"../../../Engine/Content/EditorLandscapeResources/SplineEditorMeshMat.uasset" 658
"../../../Engine/Content/EditorLandscapeResources/SplineEditorMeshMat.uexp" 659
"../../../Engine/Content/EditorLandscapeResources/SplineEditorMesh.ubulk" 660
"../../../Engine/Content/EditorLandscapeResources/SplineEditorMesh.uasset" 661
"../../../Engine/Content/EditorLandscapeResources/SplineEditorMesh.uexp" 662
"../../../Engine/Content/EditorResources/BSPVertex.uasset" 663
"../../../Engine/Content/EditorResources/BSPVertex.uexp" 664
"../../../Engine/Content/EditorResources/S_Actor.ubulk" 665
"../../../Engine/Content/EditorResources/S_Actor.uasset" 666
"../../../Engine/Content/EditorResources/S_Actor.uexp" 667
"../../../Engine/Content/EditorResources/S_BoxReflectionCapture.uasset" 668
"../../../Engine/Content/EditorResources/S_BoxReflectionCapture.uexp" 669
"../../../Engine/Content/EditorMaterials/PhAT_NoCollisionMaterial.uasset" 670
"../../../Engine/Content/EditorMaterials/PhAT_NoCollisionMaterial.uexp" 671
"../../../Engine/Content/EditorMaterials/PhAT_UnselectedMaterial.uasset" 672
"../../../Engine/Content/EditorMaterials/PhAT_UnselectedMaterial.uexp" 673
"../../../Engine/Content/EditorMaterials/PreviewShadowIndicator.ubulk" 674
"../../../Engine/Content/EditorMaterials/PreviewShadowIndicator.uasset" 675
"../../../Engine/Content/EditorMaterials/PreviewShadowIndicator.uexp" 676
"../../../Engine/Content/EditorMaterials/PreviewShadowIndicatorMaterial.uasset" 677
"../../../Engine/Content/EditorMaterials/PreviewShadowIndicatorMaterial.uexp" 678
"../../../Engine/Content/EditorResources/S_Solver.ubulk" 679
"../../../Engine/Content/EditorResources/S_Solver.uasset" 680
"../../../Engine/Content/EditorResources/S_Solver.uexp" 681
"../../../Engine/Content/EditorResources/S_Terrain.ubulk" 682
"../../../Engine/Content/EditorResources/S_Terrain.uasset" 683
"../../../Engine/Content/EditorResources/S_Terrain.uexp" 684
"../../../Engine/Content/EditorResources/S_Trigger.ubulk" 685
"../../../Engine/Content/EditorResources/S_Trigger.uasset" 686
"../../../Engine/Content/EditorResources/S_Trigger.uexp" 687
"../../../Engine/Content/EditorResources/S_TriggerBox.uasset" 688
"../../../Engine/Content/EditorResources/S_TriggerBox.uexp" 689
"../../../Engine/Content/EditorResources/S_TriggerCapsule.uasset" 690
"../../../Engine/Content/EditorResources/S_TriggerCapsule.uexp" 691
"../../../Engine/Content/EditorResources/S_TriggerSphere.uasset" 692
"../../../Engine/Content/EditorResources/S_TriggerSphere.uexp" 693
"../../../Engine/Content/EngineDamageTypes/DmgTypeBP_Environmental.uasset" 694
"../../../Engine/Content/EngineDamageTypes/DmgTypeBP_Environmental.uexp" 695
"../../../Engine/Content/Functions/Engine_MaterialFunctions01/Texturing/FlattenNormal.uasset" 696
"../../../Engine/Content/Functions/Engine_MaterialFunctions01/Texturing/FlattenNormal.uexp" 697
"../../../Engine/Plugins/Interchange/Assets/Content/Utilities/New_LUT.uasset" 698
"../../../Engine/Plugins/Interchange/Assets/Content/Utilities/New_LUT.uexp" 699
"../../../Engine/Content/Functions/Engine_MaterialFunctions03/Math/RemapValueRange.uasset" 700
"../../../Engine/Content/Functions/Engine_MaterialFunctions03/Math/RemapValueRange.uexp" 701
"../../../Engine/Plugins/Interchange/Assets/Content/Functions/MF_Iridescence.uasset" 702
"../../../Engine/Plugins/Interchange/Assets/Content/Functions/MF_Iridescence.uexp" 703
"../../../Engine/Plugins/Interchange/Assets/Content/gltf/Textures/T_White_srgb.uasset" 704
"../../../Engine/Plugins/Interchange/Assets/Content/gltf/Textures/T_White_srgb.uexp" 705
"../../../Engine/Plugins/Interchange/Assets/Content/gltf/MaterialFunctions/MF_BaseColor.uasset" 706
"../../../Engine/Plugins/Interchange/Assets/Content/gltf/MaterialFunctions/MF_BaseColor.uexp" 707
"../../../Engine/Plugins/Interchange/Assets/Content/gltf/MaterialFunctions/MF_RotateNormals_TS.uasset" 708
"../../../Engine/Plugins/Interchange/Assets/Content/gltf/MaterialFunctions/MF_RotateNormals_TS.uexp" 709
"../../../Engine/Plugins/Interchange/Assets/Content/gltf/Textures/T_Generic_N.uasset" 710
"../../../Engine/Plugins/Interchange/Assets/Content/gltf/Textures/T_Generic_N.uexp" 711
"../../../Engine/Plugins/Interchange/Assets/Content/gltf/Textures/T_White_Linear.uasset" 712
"../../../Engine/Plugins/Interchange/Assets/Content/gltf/Textures/T_White_Linear.uexp" 713
"../../../Engine/Plugins/Interchange/Assets/Content/gltf/MaterialFunctions/MF_Clearcoat.uasset" 714
"../../../Engine/Plugins/Interchange/Assets/Content/gltf/MaterialFunctions/MF_Clearcoat.uexp" 715
"../../../Engine/Plugins/Interchange/Assets/Content/gltf/MaterialFunctions/MF_Emissive.uasset" 716
"../../../Engine/Plugins/Interchange/Assets/Content/gltf/MaterialFunctions/MF_Emissive.uexp" 717
"../../../Engine/Plugins/Interchange/Assets/Content/gltf/MaterialFunctions/MF_IOR.uasset" 718
"../../../Engine/Plugins/Interchange/Assets/Content/gltf/MaterialFunctions/MF_IOR.uexp" 719
"../../../Engine/Plugins/Interchange/Assets/Content/gltf/MaterialFunctions/MF_Iridescence.uasset" 720
"../../../Engine/Plugins/Interchange/Assets/Content/gltf/MaterialFunctions/MF_Iridescence.uexp" 721
"../../../Engine/Plugins/Interchange/Assets/Content/gltf/MaterialFunctions/MF_MetallicRoughness.uasset" 722
"../../../Engine/Plugins/Interchange/Assets/Content/gltf/MaterialFunctions/MF_MetallicRoughness.uexp" 723
"../../../Engine/Plugins/Interchange/Assets/Content/gltf/MaterialFunctions/MF_ScaleNormal.uasset" 724
"../../../Engine/Plugins/Interchange/Assets/Content/gltf/MaterialFunctions/MF_ScaleNormal.uexp" 725
"../../../Engine/Plugins/Interchange/Assets/Content/gltf/MaterialFunctions/MF_Normals.uasset" 726
"../../../Engine/Plugins/Interchange/Assets/Content/gltf/MaterialFunctions/MF_Normals.uexp" 727
"../../../Engine/Plugins/Interchange/Assets/Content/gltf/MaterialFunctions/MF_Occlusion.uasset" 728
"../../../Engine/Plugins/Interchange/Assets/Content/gltf/MaterialFunctions/MF_Occlusion.uexp" 729
"../../../Engine/Plugins/Interchange/Assets/Content/gltf/MaterialFunctions/MF_Specular.uasset" 730
"../../../Engine/Plugins/Interchange/Assets/Content/gltf/MaterialFunctions/MF_Specular.uexp" 731
"../../../Engine/Plugins/Interchange/Assets/Content/gltf/Textures/T_Anisotropy_Direction_Linear.uasset" 732
"../../../Engine/Plugins/Interchange/Assets/Content/gltf/Textures/T_Anisotropy_Direction_Linear.uexp" 733
"../../../Engine/Plugins/Interchange/Assets/Content/gltf/MaterialFunctions/MF_SpecularAnisotropy.uasset" 734
"../../../Engine/Plugins/Interchange/Assets/Content/gltf/MaterialFunctions/MF_SpecularAnisotropy.uexp" 735
"../../../Engine/Plugins/Interchange/Assets/Content/gltf/MaterialFunctions/MF_RotateV2.uasset" 736
"../../../Engine/Plugins/Interchange/Assets/Content/gltf/MaterialFunctions/MF_RotateV2.uexp" 737
"../../../Engine/Plugins/Interchange/Assets/Content/gltf/MaterialFunctions/MF_TransformUVs.uasset" 738
"../../../Engine/Plugins/Interchange/Assets/Content/gltf/MaterialFunctions/MF_TransformUVs.uexp" 739
"../../../Engine/Plugins/Interchange/Assets/Content/gltf/MaterialBodies/MF_ClearCoat_Body.uasset" 740
"../../../Engine/Plugins/Interchange/Assets/Content/gltf/MaterialBodies/MF_ClearCoat_Body.uexp" 741
"../../../Engine/Plugins/Interchange/Assets/Content/gltf/M_ClearCoat.uasset" 742
"../../../Engine/Plugins/Interchange/Assets/Content/gltf/M_ClearCoat.uexp" 743
"../../../Engine/Plugins/Interchange/Assets/Content/gltf/MaterialInstances/MI_ClearCoat_Blend.uasset" 744
"../../../Engine/Plugins/Interchange/Assets/Content/gltf/MaterialInstances/MI_ClearCoat_Blend.uexp" 745
"../../../Engine/Plugins/Interchange/Assets/Content/gltf/MaterialInstances/MI_ClearCoat_Blend_DS.uasset" 746
"../../../Engine/Plugins/Interchange/Assets/Content/gltf/MaterialInstances/MI_ClearCoat_Blend_DS.uexp" 747
"../../../Engine/Plugins/Interchange/Assets/Content/gltf/MaterialInstances/MI_ClearCoat_Mask.uasset" 748
"../../../Engine/Plugins/Interchange/Assets/Content/gltf/MaterialInstances/MI_ClearCoat_Mask.uexp" 749
"../../../Engine/Plugins/Interchange/Assets/Content/gltf/MaterialInstances/MI_ClearCoat_Mask_DS.uasset" 750
"../../../Engine/Plugins/Interchange/Assets/Content/gltf/MaterialInstances/MI_ClearCoat_Mask_DS.uexp" 751
"../../../Engine/Plugins/Interchange/Assets/Content/gltf/MaterialInstances/MI_ClearCoat_Opaque.uasset" 752
"../../../Engine/Plugins/Interchange/Assets/Content/gltf/MaterialInstances/MI_ClearCoat_Opaque.uexp" 753
"../../../Engine/Plugins/Interchange/Assets/Content/gltf/MaterialInstances/MI_ClearCoat_Opaque_DS.uasset" 754
"../../../Engine/Plugins/Interchange/Assets/Content/gltf/MaterialInstances/MI_ClearCoat_Opaque_DS.uexp" 755
"../../../Engine/Plugins/Interchange/Assets/Content/gltf/MaterialBodies/MF_Default_Body.uasset" 756
"../../../Engine/Plugins/Interchange/Assets/Content/gltf/MaterialBodies/MF_Default_Body.uexp" 757
"../../../Engine/Plugins/Interchange/Assets/Content/gltf/M_Default.uasset" 758
"../../../Engine/Plugins/Interchange/Assets/Content/gltf/M_Default.uexp" 759
"../../../Engine/Plugins/Interchange/Assets/Content/gltf/MaterialInstances/MI_Default_Blend.uasset" 760
"../../../Engine/Plugins/Interchange/Assets/Content/gltf/MaterialInstances/MI_Default_Blend.uexp" 761
"../../../Engine/Plugins/Interchange/Assets/Content/gltf/MaterialInstances/MI_Default_Blend_DS.uasset" 762
"../../../Engine/Plugins/Interchange/Assets/Content/gltf/MaterialInstances/MI_Default_Blend_DS.uexp" 763
"../../../Engine/Plugins/Interchange/Assets/Content/gltf/MaterialInstances/MI_Default_Mask.uasset" 764
"../../../Engine/Plugins/Interchange/Assets/Content/gltf/MaterialInstances/MI_Default_Mask.uexp" 765
"../../../Engine/Plugins/Interchange/Assets/Content/gltf/MaterialInstances/MI_Default_Mask_DS.uasset" 766
"../../../Engine/Plugins/Interchange/Assets/Content/gltf/MaterialInstances/MI_Default_Mask_DS.uexp" 767
"../../../Engine/Plugins/Interchange/Assets/Content/gltf/MaterialInstances/MI_Default_Opaque.uasset" 768
"../../../Engine/Plugins/Interchange/Assets/Content/gltf/MaterialInstances/MI_Default_Opaque.uexp" 769
"../../../Engine/Plugins/Interchange/Assets/Content/gltf/MaterialInstances/MI_Default_Opaque_DS.uasset" 770
"../../../Engine/Plugins/Interchange/Assets/Content/gltf/MaterialInstances/MI_Default_Opaque_DS.uexp" 771
"../../../Engine/Plugins/Interchange/Assets/Content/gltf/MaterialFunctions/MF_Sheen.uasset" 772
"../../../Engine/Plugins/Interchange/Assets/Content/gltf/MaterialFunctions/MF_Sheen.uexp" 773
"../../../Engine/Plugins/Interchange/Assets/Content/gltf/MaterialBodies/MF_Sheen_Body.uasset" 774
"../../../Engine/Plugins/Interchange/Assets/Content/gltf/MaterialBodies/MF_Sheen_Body.uexp" 775
"../../../Engine/Plugins/Interchange/Assets/Content/gltf/M_Sheen.uasset" 776
"../../../Engine/Plugins/Interchange/Assets/Content/gltf/M_Sheen.uexp" 777
"../../../Engine/Plugins/Interchange/Assets/Content/gltf/MaterialInstances/MI_Sheen_Blend.uasset" 778
"../../../Engine/Plugins/Interchange/Assets/Content/gltf/MaterialInstances/MI_Sheen_Blend.uexp" 779
"../../../Engine/Plugins/Interchange/Assets/Content/gltf/MaterialInstances/MI_Sheen_Blend_DS.uasset" 780
"../../../Engine/Plugins/Interchange/Assets/Content/gltf/MaterialInstances/MI_Sheen_Blend_DS.uexp" 781
"../../../Engine/Plugins/Interchange/Assets/Content/gltf/MaterialInstances/MI_Sheen_Mask.uasset" 782
"../../../Engine/Plugins/Interchange/Assets/Content/gltf/MaterialInstances/MI_Sheen_Mask.uexp" 783
"../../../Engine/Plugins/Interchange/Assets/Content/gltf/MaterialInstances/MI_Sheen_Mask_DS.uasset" 784
"../../../Engine/Plugins/Interchange/Assets/Content/gltf/MaterialInstances/MI_Sheen_Mask_DS.uexp" 785
"../../../Engine/Plugins/Interchange/Assets/Content/gltf/MaterialInstances/MI_Sheen_Opaque.uasset" 786
"../../../Engine/Plugins/Interchange/Assets/Content/gltf/MaterialInstances/MI_Sheen_Opaque.uexp" 787
"../../../Engine/Plugins/Interchange/Assets/Content/gltf/MaterialInstances/MI_Sheen_Opaque_DS.uasset" 788
"../../../Engine/Plugins/Interchange/Assets/Content/gltf/MaterialInstances/MI_Sheen_Opaque_DS.uexp" 789
"../../../Engine/Plugins/Interchange/Assets/Content/gltf/MaterialFunctions/MF_DiffuseSpecGloss.uasset" 790
"../../../Engine/Plugins/Interchange/Assets/Content/gltf/MaterialFunctions/MF_DiffuseSpecGloss.uexp" 791
"../../../Engine/Plugins/Interchange/Assets/Content/gltf/MaterialFunctions/MF_MaxComponentValue.uasset" 792
"../../../Engine/Plugins/Interchange/Assets/Content/gltf/MaterialFunctions/MF_MaxComponentValue.uexp" 793
"../../../Engine/Content/Functions/Engine_MaterialFunctions02/Math/AddComponents.uasset" 794
"../../../Engine/Content/Functions/Engine_MaterialFunctions02/Math/AddComponents.uexp" 795
"../../../Engine/Plugins/Interchange/Assets/Content/gltf/MaterialFunctions/MF_PerceivedBrightness.uasset" 796
"../../../Engine/Plugins/Interchange/Assets/Content/gltf/MaterialFunctions/MF_PerceivedBrightness.uexp" 797
"../../../Engine/Plugins/Interchange/Assets/Content/gltf/MaterialFunctions/MF_SpecGlossToMetalRoughness.uasset" 798
"../../../Engine/Plugins/Interchange/Assets/Content/gltf/MaterialFunctions/MF_SpecGlossToMetalRoughness.uexp" 799
"../../../Engine/Plugins/Interchange/Assets/Content/gltf/MaterialBodies/MF_SpecularGlossiness_Body.uasset" 800
"../../../Engine/Plugins/Interchange/Assets/Content/gltf/MaterialBodies/MF_SpecularGlossiness_Body.uexp" 801
"../../../Engine/Plugins/Interchange/Assets/Content/gltf/M_SpecularGlossiness.uasset" 802
"../../../Engine/Plugins/Interchange/Assets/Content/gltf/M_SpecularGlossiness.uexp" 803
"../../../Engine/Plugins/Interchange/Assets/Content/gltf/MaterialInstances/MI_SpecularGlossiness_Blend.uasset" 804
"../../../Engine/Plugins/Interchange/Assets/Content/gltf/MaterialInstances/MI_SpecularGlossiness_Blend.uexp" 805
"../../../Engine/Plugins/Interchange/Assets/Content/gltf/MaterialInstances/MI_SpecularGlossiness_Blend_DS.uasset" 806
"../../../Engine/Plugins/Interchange/Assets/Content/gltf/MaterialInstances/MI_SpecularGlossiness_Blend_DS.uexp" 807
"../../../Engine/Plugins/Interchange/Assets/Content/gltf/MaterialInstances/MI_SpecularGlossiness_Mask.uasset" 808
"../../../Engine/Plugins/Interchange/Assets/Content/gltf/MaterialInstances/MI_SpecularGlossiness_Mask.uexp" 809
"../../../Engine/Plugins/Interchange/Assets/Content/gltf/MaterialInstances/MI_SpecularGlossiness_Mask_DS.uasset" 810
"../../../Engine/Plugins/Interchange/Assets/Content/gltf/MaterialInstances/MI_SpecularGlossiness_Mask_DS.uexp" 811
"../../../Engine/Plugins/Interchange/Assets/Content/gltf/MaterialInstances/MI_SpecularGlossiness_Opaque.uasset" 812
"../../../Engine/Plugins/Interchange/Assets/Content/gltf/MaterialInstances/MI_SpecularGlossiness_Opaque.uexp" 813
"../../../Engine/Plugins/Interchange/Assets/Content/gltf/MaterialInstances/MI_SpecularGlossiness_Opaque_DS.uasset" 814
"../../../Engine/Plugins/Interchange/Assets/Content/gltf/MaterialInstances/MI_SpecularGlossiness_Opaque_DS.uexp" 815
"../../../Engine/Content/EngineMaterials/Good64x64TilingNoiseHighFreq.uasset" 816
"../../../Engine/Content/EngineMaterials/Good64x64TilingNoiseHighFreq.uexp" 817
"../../../Engine/Content/Functions/Engine_MaterialFunctions02/Texturing/ScreenAlignedPixelToPixelUVs.uasset" 818
"../../../Engine/Content/Functions/Engine_MaterialFunctions02/Texturing/ScreenAlignedPixelToPixelUVs.uexp" 819
"../../../Engine/Plugins/Interchange/Assets/Content/gltf/MaterialFunctions/MF_Fresnel_DS.uasset" 820
"../../../Engine/Plugins/Interchange/Assets/Content/gltf/MaterialFunctions/MF_Fresnel_DS.uexp" 821
"../../../Engine/Plugins/Interchange/Assets/Content/gltf/MaterialFunctions/MF_Temporal_Blur.uasset" 822
"../../../Engine/Plugins/Interchange/Assets/Content/gltf/MaterialFunctions/MF_Temporal_Blur.uexp" 823
"../../../Engine/Plugins/Interchange/Assets/Content/gltf/MaterialFunctions/MF_Transmission.uasset" 824
"../../../Engine/Plugins/Interchange/Assets/Content/gltf/MaterialFunctions/MF_Transmission.uexp" 825
"../../../Engine/Plugins/Interchange/Assets/Content/gltf/MaterialBodies/MF_Transmission_Body.uasset" 826
"../../../Engine/Plugins/Interchange/Assets/Content/gltf/MaterialBodies/MF_Transmission_Body.uexp" 827
"../../../Engine/Plugins/Interchange/Assets/Content/gltf/M_Transmission.uasset" 828
"../../../Engine/Plugins/Interchange/Assets/Content/gltf/M_Transmission.uexp" 829
"../../../Engine/Plugins/Interchange/Assets/Content/gltf/MaterialInstances/MI_Transmission.uasset" 830
"../../../Engine/Plugins/Interchange/Assets/Content/gltf/MaterialInstances/MI_Transmission.uexp" 831
"../../../Engine/Plugins/Interchange/Assets/Content/gltf/MaterialInstances/MI_Transmission_DS.uasset" 832
"../../../Engine/Plugins/Interchange/Assets/Content/gltf/MaterialInstances/MI_Transmission_DS.uexp" 833
"../../../Engine/Plugins/Interchange/Assets/Content/gltf/MaterialBodies/MF_Unlit_Body.uasset" 834
"../../../Engine/Plugins/Interchange/Assets/Content/gltf/MaterialBodies/MF_Unlit_Body.uexp" 835
"../../../Engine/Plugins/Interchange/Assets/Content/gltf/M_Unlit.uasset" 836
"../../../Engine/Plugins/Interchange/Assets/Content/gltf/M_Unlit.uexp" 837
"../../../Engine/Plugins/Interchange/Assets/Content/gltf/MaterialInstances/MI_Unlit_Blend.uasset" 838
"../../../Engine/Plugins/Interchange/Assets/Content/gltf/MaterialInstances/MI_Unlit_Blend.uexp" 839
"../../../Engine/Plugins/Interchange/Assets/Content/gltf/MaterialInstances/MI_Unlit_Blend_DS.uasset" 840
"../../../Engine/Plugins/Interchange/Assets/Content/gltf/MaterialInstances/MI_Unlit_Blend_DS.uexp" 841
"../../../Engine/Plugins/Interchange/Assets/Content/gltf/MaterialInstances/MI_Unlit_Mask.uasset" 842
"../../../Engine/Plugins/Interchange/Assets/Content/gltf/MaterialInstances/MI_Unlit_Mask.uexp" 843
"../../../Engine/Plugins/Interchange/Assets/Content/gltf/MaterialInstances/MI_Unlit_Mask_DS.uasset" 844
"../../../Engine/Plugins/Interchange/Assets/Content/gltf/MaterialInstances/MI_Unlit_Mask_DS.uexp" 845
"../../../Engine/Plugins/Interchange/Assets/Content/gltf/MaterialInstances/MI_Unlit_Opaque.uasset" 846
"../../../Engine/Plugins/Interchange/Assets/Content/gltf/MaterialInstances/MI_Unlit_Opaque.uexp" 847
"../../../Engine/Plugins/Interchange/Assets/Content/gltf/MaterialInstances/MI_Unlit_Opaque_DS.uasset" 848
"../../../Engine/Plugins/Interchange/Assets/Content/gltf/MaterialInstances/MI_Unlit_Opaque_DS.uexp" 849
"../../../Engine/Content/ArtTools/RenderToTexture/Meshes/S_1_Unit_Plane.ubulk" 850
"../../../Engine/Content/ArtTools/RenderToTexture/Meshes/S_1_Unit_Plane.uasset" 851
"../../../Engine/Content/ArtTools/RenderToTexture/Meshes/S_1_Unit_Plane.uexp" 852
"../../../Engine/Content/EngineMaterials/Substrate/GLints/AGlintTex2dArray.uasset" 853
"../../../Engine/Content/EngineMaterials/Substrate/GLints/AGlintTex2dArray.uexp" 854
"../../../Engine/Plugins/NNE/NNEDenoiser/Content/NNEDIM_ColorAlbedoNormal_Alpha.uasset" 855
"../../../Engine/Plugins/NNE/NNEDenoiser/Content/NNEDIM_ColorAlbedoNormal_Alpha.uexp" 856
"../../../Engine/Plugins/NNE/NNEDenoiser/Content/NNEDIM_ColorAlbedoNormal_Default.uasset" 857
"../../../Engine/Plugins/NNE/NNEDenoiser/Content/NNEDIM_ColorAlbedoNormal_Default.uexp" 858
"../../../Engine/Plugins/NNE/NNEDenoiser/Content/NNEDIM_HighQuality_Alpha.uasset" 859
"../../../Engine/Plugins/NNE/NNEDenoiser/Content/NNEDIM_HighQuality_Alpha.uexp" 860
"../../../Engine/Plugins/NNE/NNEDenoiser/Content/NNEDIM_HighQuality_Default.uasset" 861
"../../../Engine/Plugins/NNE/NNEDenoiser/Content/NNEDIM_HighQuality_Default.uexp" 862
"../../../Engine/Plugins/NNE/NNEDenoiser/Content/NNEDOM_Output_Alpha.uasset" 863
"../../../Engine/Plugins/NNE/NNEDenoiser/Content/NNEDOM_Output_Alpha.uexp" 864
"../../../Engine/Plugins/NNE/NNEDenoiser/Content/NNEDOM_Output_Default.uasset" 865
"../../../Engine/Plugins/NNE/NNEDenoiser/Content/NNEDOM_Output_Default.uexp" 866
"../../../Engine/Plugins/NNE/NNEDenoiser/Content/NNEDTIM_ColorAlbedoNormal_Alpha.uasset" 867
"../../../Engine/Plugins/NNE/NNEDenoiser/Content/NNEDTIM_ColorAlbedoNormal_Alpha.uexp" 868
"../../../Engine/Plugins/NNE/NNEDenoiser/Content/NNEDTIM_ColorAlbedoNormal_Default.uasset" 869
"../../../Engine/Plugins/NNE/NNEDenoiser/Content/NNEDTIM_ColorAlbedoNormal_Default.uexp" 870
"../../../Engine/Plugins/NNE/NNEDenoiser/Content/NNEDTOM_Output_Alpha.uasset" 871
"../../../Engine/Plugins/NNE/NNEDenoiser/Content/NNEDTOM_Output_Alpha.uexp" 872
"../../../Engine/Plugins/NNE/NNEDenoiser/Content/NNEDTOM_Output_Default.uasset" 873
"../../../Engine/Plugins/NNE/NNEDenoiser/Content/NNEDTOM_Output_Default.uexp" 874
"../../../Engine/Plugins/NNE/NNEDenoiser/Content/NNEDT_Oidn2-3_Balanced.uasset" 875
"../../../Engine/Plugins/NNE/NNEDenoiser/Content/NNEDT_Oidn2-3_Balanced.uexp" 876
"../../../Engine/Plugins/NNE/NNEDenoiser/Content/NNEDT_Oidn2-3_Balanced_Alpha.uasset" 877
"../../../Engine/Plugins/NNE/NNEDenoiser/Content/NNEDT_Oidn2-3_Balanced_Alpha.uexp" 878
"../../../Engine/Plugins/NNE/NNEDenoiser/Content/NNED_Oidn2-3_Balanced.uasset" 879
"../../../Engine/Plugins/NNE/NNEDenoiser/Content/NNED_Oidn2-3_Balanced.uexp" 880
"../../../Engine/Plugins/NNE/NNEDenoiser/Content/NNED_Oidn2-3_Balanced_Alpha.uasset" 881
"../../../Engine/Plugins/NNE/NNEDenoiser/Content/NNED_Oidn2-3_Balanced_Alpha.uexp" 882
"../../../Engine/Plugins/NNE/NNEDenoiser/Content/NNED_Oidn2-3_Fast.uasset" 883
"../../../Engine/Plugins/NNE/NNEDenoiser/Content/NNED_Oidn2-3_Fast.uexp" 884
"../../../Engine/Plugins/NNE/NNEDenoiser/Content/NNED_Oidn2-3_Fast_Alpha.uasset" 885
"../../../Engine/Plugins/NNE/NNEDenoiser/Content/NNED_Oidn2-3_Fast_Alpha.uexp" 886
"../../../Engine/Plugins/NNE/NNEDenoiser/Content/NNED_Oidn2-3_HighQuality.uasset" 887
"../../../Engine/Plugins/NNE/NNEDenoiser/Content/NNED_Oidn2-3_HighQuality.uexp" 888
"../../../Engine/Plugins/NNE/NNEDenoiser/Content/NNED_Oidn2-3_HighQuality_Alpha.uasset" 889
"../../../Engine/Plugins/NNE/NNEDenoiser/Content/NNED_Oidn2-3_HighQuality_Alpha.uexp" 890
"../../../Engine/Plugins/NNE/NNEDenoiser/Content/NNE_oidn2-3-0_rt_hdr_alb_nrm_small__dyn__fp16_opset11_DenoiseAlpha.uasset" 891
"../../../Engine/Plugins/NNE/NNEDenoiser/Content/NNE_oidn2-3-0_rt_hdr_alb_nrm_small__dyn__fp16_opset11_DenoiseAlpha.uexp" 892
"../../../Engine/Plugins/NNE/NNEDenoiser/Content/NNE_oidn2-3-0_rt_hdr_alb_nrm_small__dyn__fp16_opset11_ForwardAlpha.uasset" 893
"../../../Engine/Plugins/NNE/NNEDenoiser/Content/NNE_oidn2-3-0_rt_hdr_alb_nrm_small__dyn__fp16_opset11_ForwardAlpha.uexp" 894
"../../../Engine/Plugins/NNE/NNEDenoiser/Content/NNE_oidn2-3-0_rt_hdr_alb_nrm__dyn__fp16_opset11_DenoiseAlpha.uasset" 895
"../../../Engine/Plugins/NNE/NNEDenoiser/Content/NNE_oidn2-3-0_rt_hdr_alb_nrm__dyn__fp16_opset11_DenoiseAlpha.uexp" 896
"../../../Engine/Plugins/NNE/NNEDenoiser/Content/NNE_oidn2-3-0_rt_hdr_alb_nrm__dyn__fp16_opset11_ForwardAlpha.uasset" 897
"../../../Engine/Plugins/NNE/NNEDenoiser/Content/NNE_oidn2-3-0_rt_hdr_alb_nrm__dyn__fp16_opset11_ForwardAlpha.uexp" 898
"../../../Engine/Plugins/NNE/NNEDenoiser/Content/NNE_oidn2-3-0_rt_hdr_calb_cnrm_large__dyn__fp16_opset11_DenoiseAlpha.uasset" 899
"../../../Engine/Plugins/NNE/NNEDenoiser/Content/NNE_oidn2-3-0_rt_hdr_calb_cnrm_large__dyn__fp16_opset11_DenoiseAlpha.uexp" 900
"../../../Engine/Plugins/NNE/NNEDenoiser/Content/NNE_oidn2-3-0_rt_hdr_calb_cnrm_large__dyn__fp16_opset11_ForwardAlpha.uasset" 901
"../../../Engine/Plugins/NNE/NNEDenoiser/Content/NNE_oidn2-3-0_rt_hdr_calb_cnrm_large__dyn__fp16_opset11_ForwardAlpha.uexp" 902
"../../../Engine/Content/EngineMaterials/DefaultMaterial.uasset" 903
"../../../Engine/Content/EngineMaterials/DefaultMaterial.uexp" 904
"../../../Engine/Content/BasicShapes/Cone.ubulk" 905
"../../../Engine/Content/BasicShapes/Cone.uasset" 906
"../../../Engine/Content/BasicShapes/Cone.uexp" 907
"../../../Engine/Content/BasicShapes/Plane.ubulk" 908
"../../../Engine/Content/BasicShapes/Plane.uasset" 909
"../../../Engine/Content/BasicShapes/Plane.uexp" 910
"../../../Engine/Content/EditorLandscapeResources/ColorMaskBrushMaterial.uasset" 911
"../../../Engine/Content/EditorLandscapeResources/ColorMaskBrushMaterial.uexp" 912
"../../../Engine/Content/EditorLandscapeResources/ColorMaskBrushMaterial_MaskedRegion.uasset" 913
"../../../Engine/Content/EditorLandscapeResources/ColorMaskBrushMaterial_MaskedRegion.uexp" 914
"../../../Engine/Plugins/2D/Paper2D/Content/DefaultSpriteMaterial.uasset" 915
"../../../Engine/Plugins/2D/Paper2D/Content/DefaultSpriteMaterial.uexp" 916
"../../../Engine/Plugins/2D/Paper2D/Content/MaskedUnlitSpriteMaterial.uasset" 917
"../../../Engine/Plugins/2D/Paper2D/Content/MaskedUnlitSpriteMaterial.uexp" 918
"../../../Engine/Plugins/2D/Paper2D/Content/OpaqueUnlitSpriteMaterial.uasset" 919
"../../../Engine/Plugins/2D/Paper2D/Content/OpaqueUnlitSpriteMaterial.uexp" 920
"../../../Engine/Plugins/Animation/ControlRig/Content/M_Manip.uasset" 921
"../../../Engine/Plugins/Animation/ControlRig/Content/M_Manip.uexp" 922
"../../../Engine/Plugins/Media/MediaPlate/Content/SM_MediaPlateScreen.ubulk" 923
"../../../Engine/Plugins/Media/MediaPlate/Content/SM_MediaPlateScreen.uasset" 924
"../../../Engine/Plugins/Media/MediaPlate/Content/SM_MediaPlateScreen.uexp" 925
"../../../Engine/Content/EngineMaterials/Substrate/Glints2/AGlintTex2dArray2.uasset" 926
"../../../Engine/Content/EngineMaterials/Substrate/Glints2/AGlintTex2dArray2.uexp" 927
"../../../Engine/Content/EngineMaterials/Substrate/Volume/SubstrateSimpleVolumeEnvLUT3D.uasset" 928
"../../../Engine/Content/EngineMaterials/Substrate/Volume/SubstrateSimpleVolumeEnvLUT3D.uexp" 929
"../../../Engine/Content/EngineMaterials/Substrate/Volume/SubstrateSimpleVolumeLUT3D.uasset" 930
"../../../Engine/Content/EngineMaterials/Substrate/Volume/SubstrateSimpleVolumeLUT3D.uexp" 931
"../../../Engine/Content/Functions/Engine_MaterialFunctions01/Shading/PowerToRoughness.uasset" 932
"../../../Engine/Content/Functions/Engine_MaterialFunctions01/Shading/PowerToRoughness.uexp" 933
"../../../Engine/Content/Functions/Engine_MaterialFunctions01/Shading/ConvertFromDiffSpec.uasset" 934
"../../../Engine/Content/Functions/Engine_MaterialFunctions01/Shading/ConvertFromDiffSpec.uexp" 935
"C:/Users/darko/Documents/Unreal-Git/Platforming_LD/Content/Input/Actions/IA_Jump.uasset" 936
"C:/Users/darko/Documents/Unreal-Git/Platforming_LD/Content/Input/Actions/IA_Jump.uexp" 937
"C:/Users/darko/Documents/Unreal-Git/Platforming_LD/Content/Input/Actions/IA_Look.uasset" 938
"C:/Users/darko/Documents/Unreal-Git/Platforming_LD/Content/Input/Actions/IA_Look.uexp" 939
"C:/Users/darko/Documents/Unreal-Git/Platforming_LD/Content/Input/Actions/IA_Move.uasset" 940
"C:/Users/darko/Documents/Unreal-Git/Platforming_LD/Content/Input/Actions/IA_Move.uexp" 941
"C:/Users/darko/Documents/Unreal-Git/Platforming_LD/Content/Variant_Platforming/Input/Actions/IA_Dash.uasset" 942
"C:/Users/darko/Documents/Unreal-Git/Platforming_LD/Content/Variant_Platforming/Input/Actions/IA_Dash.uexp" 943
"C:/Users/darko/Documents/Unreal-Git/Platforming_LD/Content/Variant_Platforming/Input/Actions/IA_Sprint.uasset" 944
"C:/Users/darko/Documents/Unreal-Git/Platforming_LD/Content/Variant_Platforming/Input/Actions/IA_Sprint.uexp" 945
"C:/Users/darko/Documents/Unreal-Git/Platforming_LD/Content/Input/Actions/IA_Attack.uasset" 946
"C:/Users/darko/Documents/Unreal-Git/Platforming_LD/Content/Input/Actions/IA_Attack.uexp" 947
"C:/Users/darko/Documents/Unreal-Git/Platforming_LD/Content/Input/Actions/IA_MouseLook.uasset" 948
"C:/Users/darko/Documents/Unreal-Git/Platforming_LD/Content/Input/Actions/IA_MouseLook.uexp" 949
"../../../Engine/Content/BasicShapes/Cube.ubulk" 950
"../../../Engine/Content/BasicShapes/Cube.uasset" 951
"../../../Engine/Content/BasicShapes/Cube.uexp" 952
"../../../Engine/Content/BasicShapes/Cylinder.ubulk" 953
"../../../Engine/Content/BasicShapes/Cylinder.uasset" 954
"../../../Engine/Content/BasicShapes/Cylinder.uexp" 955
"../../../Engine/Content/BasicShapes/BasicShapeMaterial.uasset" 956
"../../../Engine/Content/BasicShapes/BasicShapeMaterial.uexp" 957
"../../../Engine/Content/BasicShapes/Sphere.ubulk" 958
"../../../Engine/Content/BasicShapes/Sphere.uasset" 959
"../../../Engine/Content/BasicShapes/Sphere.uexp" 960
"../../../Engine/Content/Functions/Engine_MaterialFunctions02/Utility/DitherTemporalAA.uasset" 961
"../../../Engine/Content/Functions/Engine_MaterialFunctions02/Utility/DitherTemporalAA.uexp" 962
"../../../Engine/Plugins/FX/Niagara/Content/DefaultAssets/DefaultSpriteMaterial.uasset" 963
"../../../Engine/Plugins/FX/Niagara/Content/DefaultAssets/DefaultSpriteMaterial.uexp" 964
"../../../Engine/Plugins/FX/Niagara/Content/VectorFields/Assets/TilingCurl32.uasset" 965
"../../../Engine/Plugins/FX/Niagara/Content/VectorFields/Assets/TilingCurl32.uexp" 966
"../../../Engine/Content/Functions/Engine_MaterialFunctions02/ExampleContent/Textures/flipbook.ubulk" 967
"../../../Engine/Content/Functions/Engine_MaterialFunctions02/ExampleContent/Textures/flipbook.uasset" 968
"../../../Engine/Content/Functions/Engine_MaterialFunctions02/ExampleContent/Textures/flipbook.uexp" 969
"../../../Engine/Content/Functions/Engine_MaterialFunctions01/Texturing/ComputeMipLevel.uasset" 970
"../../../Engine/Content/Functions/Engine_MaterialFunctions01/Texturing/ComputeMipLevel.uexp" 971
"../../../Engine/Content/Functions/Engine_MaterialFunctions02/ExampleContent/Textures/DebugNumberPeriod.uasset" 972
"../../../Engine/Content/Functions/Engine_MaterialFunctions02/ExampleContent/Textures/DebugNumberPeriod.uexp" 973
"../../../Engine/Content/Functions/Engine_MaterialFunctions02/Utility/DebugScalarValues.uasset" 974
"../../../Engine/Content/Functions/Engine_MaterialFunctions02/Utility/DebugScalarValues.uexp" 975
"../../../Engine/Content/Functions/Engine_MaterialFunctions02/Utility/DebugFloat2Values.uasset" 976
"../../../Engine/Content/Functions/Engine_MaterialFunctions02/Utility/DebugFloat2Values.uexp" 977
"../../../Engine/Content/Functions/Engine_MaterialFunctions02/Texturing/FlipBook.uasset" 978
"../../../Engine/Content/Functions/Engine_MaterialFunctions02/Texturing/FlipBook.uexp" 979
"../../../Engine/Content/Functions/Engine_MaterialFunctions01/Density/ExponentialDensity.uasset" 980
"../../../Engine/Content/Functions/Engine_MaterialFunctions01/Density/ExponentialDensity.uexp" 981
"../../../Engine/Content/Functions/Engine_MaterialFunctions01/Gradient/RadialGradientExponential.uasset" 982
"../../../Engine/Content/Functions/Engine_MaterialFunctions01/Gradient/RadialGradientExponential.uexp" 983
"C:/Users/darko/Documents/Unreal-Git/Platforming_LD/Content/VFX/Texture/Electricity.uasset" 984
"C:/Users/darko/Documents/Unreal-Git/Platforming_LD/Content/VFX/Texture/Electricity.uexp" 985
"C:/Users/darko/Documents/Unreal-Git/Platforming_LD/Content/VFX/Material/MA_Electricity.uasset" 986
"C:/Users/darko/Documents/Unreal-Git/Platforming_LD/Content/VFX/Material/MA_Electricity.uexp" 987
"C:/Users/darko/Documents/Unreal-Git/Platforming_LD/Content/VFX/NS_Projectile.uasset" 988
"C:/Users/darko/Documents/Unreal-Git/Platforming_LD/Content/VFX/NS_Projectile.uexp" 989
"C:/Users/darko/Documents/Unreal-Git/Platforming_LD/Content/Materials/MI_WallJump.uasset" 990
"C:/Users/darko/Documents/Unreal-Git/Platforming_LD/Content/Materials/MI_WallJump.uexp" 991
"C:/Users/darko/Documents/Unreal-Git/Platforming_LD/Content/Blueprints/BP_Bullet.uasset" 992
"C:/Users/darko/Documents/Unreal-Git/Platforming_LD/Content/Blueprints/BP_Bullet.uexp" 993
"C:/Users/darko/Documents/Unreal-Git/Platforming_LD/Content/Sound/Shoot.ubulk" 994
"C:/Users/darko/Documents/Unreal-Git/Platforming_LD/Content/Sound/Shoot.uasset" 995
"C:/Users/darko/Documents/Unreal-Git/Platforming_LD/Content/Sound/Shoot.uexp" 996
"C:/Users/darko/Documents/Unreal-Git/Platforming_LD/Content/Blueprints/BP_Turret.uasset" 997
"C:/Users/darko/Documents/Unreal-Git/Platforming_LD/Content/Blueprints/BP_Turret.uexp" 998
"C:/Users/darko/Documents/Unreal-Git/Platforming_LD/Content/Variant_Platforming/3D/MI_Rose.uasset" 999
"C:/Users/darko/Documents/Unreal-Git/Platforming_LD/Content/Variant_Platforming/3D/MI_Rose.uexp" 1000
"C:/Users/darko/Documents/Unreal-Git/Platforming_LD/Content/Variant_Platforming/3D/Sabre_Laser_1.ubulk" 1001
"C:/Users/darko/Documents/Unreal-Git/Platforming_LD/Content/Variant_Platforming/3D/Sabre_Laser_1.uasset" 1002
"C:/Users/darko/Documents/Unreal-Git/Platforming_LD/Content/Variant_Platforming/3D/Sabre_Laser_1.uexp" 1003
"C:/Users/darko/Documents/Unreal-Git/Platforming_LD/Content/Blueprints/BP_Weapon.uasset" 1004
"C:/Users/darko/Documents/Unreal-Git/Platforming_LD/Content/Blueprints/BP_Weapon.uexp" 1005
"C:/Users/darko/Documents/Unreal-Git/Platforming_LD/Content/New-NotTouch/NewSK_Mannequin.uasset" 1006
"C:/Users/darko/Documents/Unreal-Git/Platforming_LD/Content/New-NotTouch/NewSK_Mannequin.uexp" 1007
"../../../Engine/Plugins/Animation/ControlRig/Content/Controls/DefaultGizmoLibraryNormalized.uasset" 1008
"../../../Engine/Plugins/Animation/ControlRig/Content/Controls/DefaultGizmoLibraryNormalized.uexp" 1009
"C:/Users/darko/Documents/Unreal-Git/Platforming_LD/Content/Characters/Mannequins/Rigs/CR_Mannequin_FootIK.uasset" 1010
"C:/Users/darko/Documents/Unreal-Git/Platforming_LD/Content/Characters/Mannequins/Rigs/CR_Mannequin_FootIK.uexp" 1011
"../../../Engine/Content/Animation/DefaultAnimBoneCompressionSettings.uasset" 1012
"../../../Engine/Content/Animation/DefaultAnimBoneCompressionSettings.uexp" 1013
"../../../Engine/Content/Animation/DefaultAnimCurveCompressionSettings.uasset" 1014
"../../../Engine/Content/Animation/DefaultAnimCurveCompressionSettings.uexp" 1015
"../../../Engine/Content/Animation/DefaultVariableFrameStrippingSettings.uasset" 1016
"../../../Engine/Content/Animation/DefaultVariableFrameStrippingSettings.uexp" 1017
"C:/Users/darko/Documents/Unreal-Git/Platforming_LD/Content/Characters/Mannequins/Meshes/SK_Mannequin.uasset" 1018
"C:/Users/darko/Documents/Unreal-Git/Platforming_LD/Content/Characters/Mannequins/Meshes/SK_Mannequin.uexp" 1019
"C:/Users/darko/Documents/Unreal-Git/Platforming_LD/Content/Characters/Mannequins/Anims/Unarmed/MM_Idle.uasset" 1020
"C:/Users/darko/Documents/Unreal-Git/Platforming_LD/Content/Characters/Mannequins/Anims/Unarmed/MM_Idle.uexp" 1021
"C:/Users/darko/Documents/Unreal-Git/Platforming_LD/Content/Characters/Mannequins/Anims/Unarmed/Jog/MF_Unarmed_Jog_Bwd.uasset" 1022
"C:/Users/darko/Documents/Unreal-Git/Platforming_LD/Content/Characters/Mannequins/Anims/Unarmed/Jog/MF_Unarmed_Jog_Bwd.uexp" 1023
"../../../Engine/Plugins/Animation/ACLPlugin/Content/ACLAnimCurveCompressionSettings.uasset" 1024
"../../../Engine/Plugins/Animation/ACLPlugin/Content/ACLAnimCurveCompressionSettings.uexp" 1025
"../../../Engine/Content/Animation/DefaultRecorderBoneCompression.uasset" 1026
"../../../Engine/Content/Animation/DefaultRecorderBoneCompression.uexp" 1027
"C:/Users/darko/Documents/Unreal-Git/Platforming_LD/Content/Characters/Mannequins/Anims/Unarmed/Jog/MF_Unarmed_Jog_Bwd_Left.uasset" 1028
"C:/Users/darko/Documents/Unreal-Git/Platforming_LD/Content/Characters/Mannequins/Anims/Unarmed/Jog/MF_Unarmed_Jog_Bwd_Left.uexp" 1029
"C:/Users/darko/Documents/Unreal-Git/Platforming_LD/Content/Characters/Mannequins/Anims/Unarmed/Jog/MF_Unarmed_Jog_Bwd_Right.uasset" 1030
"C:/Users/darko/Documents/Unreal-Git/Platforming_LD/Content/Characters/Mannequins/Anims/Unarmed/Jog/MF_Unarmed_Jog_Bwd_Right.uexp" 1031
"C:/Users/darko/Documents/Unreal-Git/Platforming_LD/Content/Characters/Mannequins/Anims/Unarmed/Jog/MF_Unarmed_Jog_Fwd.uasset" 1032
"C:/Users/darko/Documents/Unreal-Git/Platforming_LD/Content/Characters/Mannequins/Anims/Unarmed/Jog/MF_Unarmed_Jog_Fwd.uexp" 1033
"C:/Users/darko/Documents/Unreal-Git/Platforming_LD/Content/Characters/Mannequins/Anims/Unarmed/Jog/MF_Unarmed_Jog_Fwd_Left.uasset" 1034
"C:/Users/darko/Documents/Unreal-Git/Platforming_LD/Content/Characters/Mannequins/Anims/Unarmed/Jog/MF_Unarmed_Jog_Fwd_Left.uexp" 1035
"C:/Users/darko/Documents/Unreal-Git/Platforming_LD/Content/Characters/Mannequins/Anims/Unarmed/Jog/MF_Unarmed_Jog_Fwd_Right.uasset" 1036
"C:/Users/darko/Documents/Unreal-Git/Platforming_LD/Content/Characters/Mannequins/Anims/Unarmed/Jog/MF_Unarmed_Jog_Fwd_Right.uexp" 1037
"C:/Users/darko/Documents/Unreal-Git/Platforming_LD/Content/Characters/Mannequins/Anims/Unarmed/Jog/MF_Unarmed_Jog_Left.uasset" 1038
"C:/Users/darko/Documents/Unreal-Git/Platforming_LD/Content/Characters/Mannequins/Anims/Unarmed/Jog/MF_Unarmed_Jog_Left.uexp" 1039
"C:/Users/darko/Documents/Unreal-Git/Platforming_LD/Content/Characters/Mannequins/Anims/Unarmed/Jog/MF_Unarmed_Jog_Right.uasset" 1040
"C:/Users/darko/Documents/Unreal-Git/Platforming_LD/Content/Characters/Mannequins/Anims/Unarmed/Jog/MF_Unarmed_Jog_Right.uexp" 1041
"C:/Users/darko/Documents/Unreal-Git/Platforming_LD/Content/Characters/Mannequins/Anims/Unarmed/Walk/MF_Unarmed_Walk_Bwd.uasset" 1042
"C:/Users/darko/Documents/Unreal-Git/Platforming_LD/Content/Characters/Mannequins/Anims/Unarmed/Walk/MF_Unarmed_Walk_Bwd.uexp" 1043
"C:/Users/darko/Documents/Unreal-Git/Platforming_LD/Content/Characters/Mannequins/Anims/Unarmed/Walk/MF_Unarmed_Walk_Bwd_Left.uasset" 1044
"C:/Users/darko/Documents/Unreal-Git/Platforming_LD/Content/Characters/Mannequins/Anims/Unarmed/Walk/MF_Unarmed_Walk_Bwd_Left.uexp" 1045
"C:/Users/darko/Documents/Unreal-Git/Platforming_LD/Content/Characters/Mannequins/Anims/Unarmed/Walk/MF_Unarmed_Walk_Bwd_Right.uasset" 1046
"C:/Users/darko/Documents/Unreal-Git/Platforming_LD/Content/Characters/Mannequins/Anims/Unarmed/Walk/MF_Unarmed_Walk_Bwd_Right.uexp" 1047
"C:/Users/darko/Documents/Unreal-Git/Platforming_LD/Content/Characters/Mannequins/Anims/Unarmed/Walk/MF_Unarmed_Walk_Fwd.uasset" 1048
"C:/Users/darko/Documents/Unreal-Git/Platforming_LD/Content/Characters/Mannequins/Anims/Unarmed/Walk/MF_Unarmed_Walk_Fwd.uexp" 1049
"C:/Users/darko/Documents/Unreal-Git/Platforming_LD/Content/Characters/Mannequins/Anims/Unarmed/Walk/MF_Unarmed_Walk_Fwd_Left.uasset" 1050
"C:/Users/darko/Documents/Unreal-Git/Platforming_LD/Content/Characters/Mannequins/Anims/Unarmed/Walk/MF_Unarmed_Walk_Fwd_Left.uexp" 1051
"C:/Users/darko/Documents/Unreal-Git/Platforming_LD/Content/Characters/Mannequins/Anims/Unarmed/Walk/MF_Unarmed_Walk_Fwd_Right.uasset" 1052
"C:/Users/darko/Documents/Unreal-Git/Platforming_LD/Content/Characters/Mannequins/Anims/Unarmed/Walk/MF_Unarmed_Walk_Fwd_Right.uexp" 1053
"C:/Users/darko/Documents/Unreal-Git/Platforming_LD/Content/Characters/Mannequins/Anims/Unarmed/Walk/MF_Unarmed_Walk_Left.uasset" 1054
"C:/Users/darko/Documents/Unreal-Git/Platforming_LD/Content/Characters/Mannequins/Anims/Unarmed/Walk/MF_Unarmed_Walk_Left.uexp" 1055
"C:/Users/darko/Documents/Unreal-Git/Platforming_LD/Content/Characters/Mannequins/Anims/Unarmed/Walk/MF_Unarmed_Walk_Right.uasset" 1056
"C:/Users/darko/Documents/Unreal-Git/Platforming_LD/Content/Characters/Mannequins/Anims/Unarmed/Walk/MF_Unarmed_Walk_Right.uexp" 1057
"C:/Users/darko/Documents/Unreal-Git/Platforming_LD/Content/Characters/Mannequins/Anims/Unarmed/BS_Idle_Walk_Run.uasset" 1058
"C:/Users/darko/Documents/Unreal-Git/Platforming_LD/Content/Characters/Mannequins/Anims/Unarmed/BS_Idle_Walk_Run.uexp" 1059
"C:/Users/darko/Documents/Unreal-Git/Platforming_LD/Content/Characters/Mannequins/Anims/Unarmed/Jump/MM_Fall_Loop.uasset" 1060
"C:/Users/darko/Documents/Unreal-Git/Platforming_LD/Content/Characters/Mannequins/Anims/Unarmed/Jump/MM_Fall_Loop.uexp" 1061
"C:/Users/darko/Documents/Unreal-Git/Platforming_LD/Content/Characters/Mannequins/Anims/Unarmed/Jump/MM_Jump.uasset" 1062
"C:/Users/darko/Documents/Unreal-Git/Platforming_LD/Content/Characters/Mannequins/Anims/Unarmed/Jump/MM_Jump.uexp" 1063
"C:/Users/darko/Documents/Unreal-Git/Platforming_LD/Content/Characters/Mannequins/Anims/Unarmed/Jump/MM_Land.uasset" 1064
"C:/Users/darko/Documents/Unreal-Git/Platforming_LD/Content/Characters/Mannequins/Anims/Unarmed/Jump/MM_Land.uexp" 1065
"C:/Users/darko/Documents/Unreal-Git/Platforming_LD/Content/Characters/Mannequins/Anims/Unarmed/Jump/MM_WallJump.uasset" 1066
"C:/Users/darko/Documents/Unreal-Git/Platforming_LD/Content/Characters/Mannequins/Anims/Unarmed/Jump/MM_WallJump.uexp" 1067
"C:/Users/darko/Documents/Unreal-Git/Platforming_LD/Content/New-NotTouch/NewABP_Manny_Platforming.uasset" 1068
"C:/Users/darko/Documents/Unreal-Git/Platforming_LD/Content/New-NotTouch/NewABP_Manny_Platforming.uexp" 1069
"../../../Engine/Plugins/Animation/ACLPlugin/Content/ACLAnimBoneCompressionSettings.uasset" 1070
"../../../Engine/Plugins/Animation/ACLPlugin/Content/ACLAnimBoneCompressionSettings.uexp" 1071
"C:/Users/darko/Documents/Unreal-Git/Platforming_LD/Content/New-NotTouch/MMA_Dash.uasset" 1072
"C:/Users/darko/Documents/Unreal-Git/Platforming_LD/Content/New-NotTouch/MMA_Dash.uexp" 1073
"C:/Users/darko/Documents/Unreal-Git/Platforming_LD/Content/New-NotTouch/NewAN_EndDash.uasset" 1074
"C:/Users/darko/Documents/Unreal-Git/Platforming_LD/Content/New-NotTouch/NewAN_EndDash.uexp" 1075
"C:/Users/darko/Documents/Unreal-Git/Platforming_LD/Content/New-NotTouch/NewAM_Dash.uasset" 1076
"C:/Users/darko/Documents/Unreal-Git/Platforming_LD/Content/New-NotTouch/NewAM_Dash.uexp" 1077
"../../../Engine/Plugins/FX/Niagara/Content/DefaultAssets/DefaultRIbbonMaterial.uasset" 1078
"../../../Engine/Plugins/FX/Niagara/Content/DefaultAssets/DefaultRIbbonMaterial.uexp" 1079
"C:/Users/darko/Documents/Unreal-Git/Platforming_LD/Content/VFX/NS_Jump_Trail.uasset" 1080
"C:/Users/darko/Documents/Unreal-Git/Platforming_LD/Content/VFX/NS_Jump_Trail.uexp" 1081
"C:/Users/darko/Documents/Unreal-Git/Platforming_LD/Content/Characters/Mannequins/Rigs/PA_Mannequin.uasset" 1082
"C:/Users/darko/Documents/Unreal-Git/Platforming_LD/Content/Characters/Mannequins/Rigs/PA_Mannequin.uexp" 1083
"C:/Users/darko/Documents/Unreal-Git/Platforming_LD/Content/Characters/Mannequins/Textures/Manny/T_Manny_01_BN.ubulk" 1084
"C:/Users/darko/Documents/Unreal-Git/Platforming_LD/Content/Characters/Mannequins/Textures/Manny/T_Manny_01_BN.uasset" 1085
"C:/Users/darko/Documents/Unreal-Git/Platforming_LD/Content/Characters/Mannequins/Textures/Manny/T_Manny_01_BN.uexp" 1086
"C:/Users/darko/Documents/Unreal-Git/Platforming_LD/Content/Characters/Mannequins/Textures/Manny/T_Manny_01_D.ubulk" 1087
"C:/Users/darko/Documents/Unreal-Git/Platforming_LD/Content/Characters/Mannequins/Textures/Manny/T_Manny_01_D.uasset" 1088
"C:/Users/darko/Documents/Unreal-Git/Platforming_LD/Content/Characters/Mannequins/Textures/Manny/T_Manny_01_D.uexp" 1089
"C:/Users/darko/Documents/Unreal-Git/Platforming_LD/Content/Characters/Mannequins/Textures/Manny/T_Manny_01_MRA.ubulk" 1090
"C:/Users/darko/Documents/Unreal-Git/Platforming_LD/Content/Characters/Mannequins/Textures/Manny/T_Manny_01_MRA.uasset" 1091
"C:/Users/darko/Documents/Unreal-Git/Platforming_LD/Content/Characters/Mannequins/Textures/Manny/T_Manny_01_MRA.uexp" 1092
"C:/Users/darko/Documents/Unreal-Git/Platforming_LD/Content/Characters/Mannequins/Textures/Shared/T_UE_Logo_M.uasset" 1093
"C:/Users/darko/Documents/Unreal-Git/Platforming_LD/Content/Characters/Mannequins/Textures/Shared/T_UE_Logo_M.uexp" 1094
"C:/Users/darko/Documents/Unreal-Git/Platforming_LD/Content/Characters/Mannequins/Materials/M_Mannequin.uasset" 1095
"C:/Users/darko/Documents/Unreal-Git/Platforming_LD/Content/Characters/Mannequins/Materials/M_Mannequin.uexp" 1096
"C:/Users/darko/Documents/Unreal-Git/Platforming_LD/Content/Characters/Mannequins/Textures/Quinn/T_Quinn_01_D.ubulk" 1097
"C:/Users/darko/Documents/Unreal-Git/Platforming_LD/Content/Characters/Mannequins/Textures/Quinn/T_Quinn_01_D.uasset" 1098
"C:/Users/darko/Documents/Unreal-Git/Platforming_LD/Content/Characters/Mannequins/Textures/Quinn/T_Quinn_01_D.uexp" 1099
"C:/Users/darko/Documents/Unreal-Git/Platforming_LD/Content/Characters/Mannequins/Textures/Quinn/T_Quinn_01_MRA.ubulk" 1100
"C:/Users/darko/Documents/Unreal-Git/Platforming_LD/Content/Characters/Mannequins/Textures/Quinn/T_Quinn_01_MRA.uasset" 1101
"C:/Users/darko/Documents/Unreal-Git/Platforming_LD/Content/Characters/Mannequins/Textures/Quinn/T_Quinn_01_MRA.uexp" 1102
"C:/Users/darko/Documents/Unreal-Git/Platforming_LD/Content/Characters/Mannequins/Textures/Quinn/T_Quinn_01_N.ubulk" 1103
"C:/Users/darko/Documents/Unreal-Git/Platforming_LD/Content/Characters/Mannequins/Textures/Quinn/T_Quinn_01_N.uasset" 1104
"C:/Users/darko/Documents/Unreal-Git/Platforming_LD/Content/Characters/Mannequins/Textures/Quinn/T_Quinn_01_N.uexp" 1105
"C:/Users/darko/Documents/Unreal-Git/Platforming_LD/Content/Characters/Mannequins/Materials/Quinn/MI_Quinn_01.uasset" 1106
"C:/Users/darko/Documents/Unreal-Git/Platforming_LD/Content/Characters/Mannequins/Materials/Quinn/MI_Quinn_01.uexp" 1107
"C:/Users/darko/Documents/Unreal-Git/Platforming_LD/Content/Characters/Mannequins/Textures/Quinn/T_Quinn_02_D.ubulk" 1108
"C:/Users/darko/Documents/Unreal-Git/Platforming_LD/Content/Characters/Mannequins/Textures/Quinn/T_Quinn_02_D.uasset" 1109
"C:/Users/darko/Documents/Unreal-Git/Platforming_LD/Content/Characters/Mannequins/Textures/Quinn/T_Quinn_02_D.uexp" 1110
"C:/Users/darko/Documents/Unreal-Git/Platforming_LD/Content/Characters/Mannequins/Textures/Quinn/T_Quinn_02_MRA.ubulk" 1111
"C:/Users/darko/Documents/Unreal-Git/Platforming_LD/Content/Characters/Mannequins/Textures/Quinn/T_Quinn_02_MRA.uasset" 1112
"C:/Users/darko/Documents/Unreal-Git/Platforming_LD/Content/Characters/Mannequins/Textures/Quinn/T_Quinn_02_MRA.uexp" 1113
"C:/Users/darko/Documents/Unreal-Git/Platforming_LD/Content/Characters/Mannequins/Textures/Quinn/T_Quinn_02_N.ubulk" 1114
"C:/Users/darko/Documents/Unreal-Git/Platforming_LD/Content/Characters/Mannequins/Textures/Quinn/T_Quinn_02_N.uasset" 1115
"C:/Users/darko/Documents/Unreal-Git/Platforming_LD/Content/Characters/Mannequins/Textures/Quinn/T_Quinn_02_N.uexp" 1116
"C:/Users/darko/Documents/Unreal-Git/Platforming_LD/Content/Characters/Mannequins/Materials/Quinn/MI_Quinn_02.uasset" 1117
"C:/Users/darko/Documents/Unreal-Git/Platforming_LD/Content/Characters/Mannequins/Materials/Quinn/MI_Quinn_02.uexp" 1118
"C:/Users/darko/Documents/Unreal-Git/Platforming_LD/Content/Characters/Mannequins/Meshes/SKM_Quinn_Simple.uasset" 1119
"C:/Users/darko/Documents/Unreal-Git/Platforming_LD/Content/Characters/Mannequins/Meshes/SKM_Quinn_Simple.uexp" 1120
"C:/Users/darko/Documents/Unreal-Git/Platforming_LD/Content/ThirdPerson/Widget/coeur_plein.uasset" 1121
"C:/Users/darko/Documents/Unreal-Git/Platforming_LD/Content/ThirdPerson/Widget/coeur_plein.uexp" 1122
"C:/Users/darko/Documents/Unreal-Git/Platforming_LD/Content/ThirdPerson/Widget/coeur_vide.uasset" 1123
"C:/Users/darko/Documents/Unreal-Git/Platforming_LD/Content/ThirdPerson/Widget/coeur_vide.uexp" 1124
"C:/Users/darko/Documents/Unreal-Git/Platforming_LD/Content/ThirdPerson/Widget/W_Heart.uasset" 1125
"C:/Users/darko/Documents/Unreal-Git/Platforming_LD/Content/ThirdPerson/Widget/W_Heart.uexp" 1126
"C:/Users/darko/Documents/Unreal-Git/Platforming_LD/Content/ThirdPerson/Widget/Widget_UI.uasset" 1127
"C:/Users/darko/Documents/Unreal-Git/Platforming_LD/Content/ThirdPerson/Widget/Widget_UI.uexp" 1128
"C:/Users/darko/Documents/Unreal-Git/Platforming_LD/Content/Variant_Platforming/Input/BPI_TouchInterface_Platforming.uasset" 1129
"C:/Users/darko/Documents/Unreal-Git/Platforming_LD/Content/Variant_Platforming/Input/BPI_TouchInterface_Platforming.uexp" 1130
"C:/Users/darko/Documents/Unreal-Git/Platforming_LD/Content/Characters/Mannequins/Anims/Unarmed/Attack/MM_Attack_01.uasset" 1131
"C:/Users/darko/Documents/Unreal-Git/Platforming_LD/Content/Characters/Mannequins/Anims/Unarmed/Attack/MM_Attack_01.uexp" 1132
"C:/Users/darko/Documents/Unreal-Git/Platforming_LD/Content/Characters/Mannequins/Anims/Unarmed/Attack/AM_Attack_01.uasset" 1133
"C:/Users/darko/Documents/Unreal-Git/Platforming_LD/Content/Characters/Mannequins/Anims/Unarmed/Attack/AM_Attack_01.uexp" 1134
"C:/Users/darko/Documents/Unreal-Git/Platforming_LD/Content/VFX/Texture/Explosion00_5x5.ubulk" 1135
"C:/Users/darko/Documents/Unreal-Git/Platforming_LD/Content/VFX/Texture/Explosion00_5x5.uasset" 1136
"C:/Users/darko/Documents/Unreal-Git/Platforming_LD/Content/VFX/Texture/Explosion00_5x5.uexp" 1137
"C:/Users/darko/Documents/Unreal-Git/Platforming_LD/Content/VFX/Material/MA_Explosion.uasset" 1138
"C:/Users/darko/Documents/Unreal-Git/Platforming_LD/Content/VFX/Material/MA_Explosion.uexp" 1139
"C:/Users/darko/Documents/Unreal-Git/Platforming_LD/Content/VFX/NS_Explosions.uasset" 1140
"C:/Users/darko/Documents/Unreal-Git/Platforming_LD/Content/VFX/NS_Explosions.uexp" 1141
"C:/Users/darko/Documents/Unreal-Git/Platforming_LD/Content/Sound/Boom.ubulk" 1142
"C:/Users/darko/Documents/Unreal-Git/Platforming_LD/Content/Sound/Boom.uasset" 1143
"C:/Users/darko/Documents/Unreal-Git/Platforming_LD/Content/Sound/Boom.uexp" 1144
"C:/Users/darko/Documents/Unreal-Git/Platforming_LD/Content/Blueprints/BPA_Platforming.uasset" 1145
"C:/Users/darko/Documents/Unreal-Git/Platforming_LD/Content/Blueprints/BPA_Platforming.uexp" 1146
"C:/Users/darko/Documents/Unreal-Git/Platforming_LD/Content/Input/IMC_Default.uasset" 1147
"C:/Users/darko/Documents/Unreal-Git/Platforming_LD/Content/Input/IMC_Default.uexp" 1148
"C:/Users/darko/Documents/Unreal-Git/Platforming_LD/Content/Input/IMC_MouseLook.uasset" 1149
"C:/Users/darko/Documents/Unreal-Git/Platforming_LD/Content/Input/IMC_MouseLook.uexp" 1150
"../../../Engine/Content/MobileResources/HUD/VirtualJoystick_Thumb.uasset" 1151
"../../../Engine/Content/MobileResources/HUD/VirtualJoystick_Thumb.uexp" 1152
"C:/Users/darko/Documents/Unreal-Git/Platforming_LD/Content/Input/Touch/BPI_TouchInterface.uasset" 1153
"C:/Users/darko/Documents/Unreal-Git/Platforming_LD/Content/Input/Touch/BPI_TouchInterface.uexp" 1154
"../../../Engine/Content/MobileResources/HUD/VirtualJoystick_Background.uasset" 1155
"../../../Engine/Content/MobileResources/HUD/VirtualJoystick_Background.uexp" 1156
"C:/Users/darko/Documents/Unreal-Git/Platforming_LD/Content/Input/Touch/UI_Thumbstick.uasset" 1157
"C:/Users/darko/Documents/Unreal-Git/Platforming_LD/Content/Input/Touch/UI_Thumbstick.uexp" 1158
"C:/Users/darko/Documents/Unreal-Git/Platforming_LD/Content/Input/Touch/UI_TouchSimple.uasset" 1159
"C:/Users/darko/Documents/Unreal-Git/Platforming_LD/Content/Input/Touch/UI_TouchSimple.uexp" 1160
"C:/Users/darko/Documents/Unreal-Git/Platforming_LD/Content/ThirdPerson/Blueprints/BP_ThirdPersonPlayerController.uasset" 1161
"C:/Users/darko/Documents/Unreal-Git/Platforming_LD/Content/ThirdPerson/Blueprints/BP_ThirdPersonPlayerController.uexp" 1162
"C:/Users/darko/Documents/Unreal-Git/Platforming_LD/Content/ThirdPerson/Blueprints/BP_ThirdPersonGameMode.uasset" 1163
"C:/Users/darko/Documents/Unreal-Git/Platforming_LD/Content/ThirdPerson/Blueprints/BP_ThirdPersonGameMode.uexp" 1164
"C:/Users/darko/Documents/Unreal-Git/Platforming_LD/Content/Characters/Mannequins/Materials/Manny/MI_Manny_01_New.uasset" 1165
"C:/Users/darko/Documents/Unreal-Git/Platforming_LD/Content/Characters/Mannequins/Materials/Manny/MI_Manny_01_New.uexp" 1166
"C:/Users/darko/Documents/Unreal-Git/Platforming_LD/Content/Characters/Mannequins/Textures/Manny/T_Manny_02_BN.ubulk" 1167
"C:/Users/darko/Documents/Unreal-Git/Platforming_LD/Content/Characters/Mannequins/Textures/Manny/T_Manny_02_BN.uasset" 1168
"C:/Users/darko/Documents/Unreal-Git/Platforming_LD/Content/Characters/Mannequins/Textures/Manny/T_Manny_02_BN.uexp" 1169
"C:/Users/darko/Documents/Unreal-Git/Platforming_LD/Content/Characters/Mannequins/Textures/Manny/T_Manny_02_D.ubulk" 1170
"C:/Users/darko/Documents/Unreal-Git/Platforming_LD/Content/Characters/Mannequins/Textures/Manny/T_Manny_02_D.uasset" 1171
"C:/Users/darko/Documents/Unreal-Git/Platforming_LD/Content/Characters/Mannequins/Textures/Manny/T_Manny_02_D.uexp" 1172
"C:/Users/darko/Documents/Unreal-Git/Platforming_LD/Content/Characters/Mannequins/Textures/Manny/T_Manny_02_MRA.ubulk" 1173
"C:/Users/darko/Documents/Unreal-Git/Platforming_LD/Content/Characters/Mannequins/Textures/Manny/T_Manny_02_MRA.uasset" 1174
"C:/Users/darko/Documents/Unreal-Git/Platforming_LD/Content/Characters/Mannequins/Textures/Manny/T_Manny_02_MRA.uexp" 1175
"C:/Users/darko/Documents/Unreal-Git/Platforming_LD/Content/Characters/Mannequins/Materials/Manny/MI_Manny_02_New.uasset" 1176
"C:/Users/darko/Documents/Unreal-Git/Platforming_LD/Content/Characters/Mannequins/Materials/Manny/MI_Manny_02_New.uexp" 1177
"C:/Users/darko/Documents/Unreal-Git/Platforming_LD/Content/Characters/Mannequins/Meshes/SKM_Manny_Simple.uasset" 1178
"C:/Users/darko/Documents/Unreal-Git/Platforming_LD/Content/Characters/Mannequins/Meshes/SKM_Manny_Simple.uexp" 1179
"../../../Engine/Content/Maps/Entry_BuiltData.uasset" 1180
"../../../Engine/Content/Maps/Entry_BuiltData.uexp" 1181
"../../../Engine/Content/Maps/Entry.uexp" 1182
"../../../Engine/Content/Maps/Entry.umap" 1183
"../../../Engine/Content/EngineSky/T_Sky_Blue.ubulk" 1184
"../../../Engine/Content/EngineSky/T_Sky_Blue.uasset" 1185
"../../../Engine/Content/EngineSky/T_Sky_Blue.uexp" 1186
"../../../Engine/Content/EngineSky/T_Sky_Clouds_M.ubulk" 1187
"../../../Engine/Content/EngineSky/T_Sky_Clouds_M.uasset" 1188
"../../../Engine/Content/EngineSky/T_Sky_Clouds_M.uexp" 1189
"../../../Engine/Content/EngineSky/T_Sky_Stars.ubulk" 1190
"../../../Engine/Content/EngineSky/T_Sky_Stars.uasset" 1191
"../../../Engine/Content/EngineSky/T_Sky_Stars.uexp" 1192
"../../../Engine/Content/EngineSky/M_Sky_Panning_Clouds2.uasset" 1193
"../../../Engine/Content/EngineSky/M_Sky_Panning_Clouds2.uexp" 1194
"../../../Engine/Content/EngineSky/SM_SkySphere.ubulk" 1195
"../../../Engine/Content/EngineSky/SM_SkySphere.uasset" 1196
"../../../Engine/Content/EngineSky/SM_SkySphere.uexp" 1197
"../../../Engine/Content/EngineSky/M_SimpleSkyDome.uasset" 1198
"../../../Engine/Content/EngineSky/M_SimpleSkyDome.uexp" 1199
"../../../Engine/Content/Functions/Engine_MaterialFunctions02/Utility/BreakOutFloat4Components.uasset" 1200
"../../../Engine/Content/Functions/Engine_MaterialFunctions02/Utility/BreakOutFloat4Components.uexp" 1201
"../../../Engine/Content/Functions/Engine_MaterialFunctions02/Utility/MakeFloat4.uasset" 1202
"../../../Engine/Content/Functions/Engine_MaterialFunctions02/Utility/MakeFloat4.uexp" 1203
"../../../Engine/Content/EngineResources/DefaultVolumeTexture2D.uasset" 1204
"../../../Engine/Content/EngineResources/DefaultVolumeTexture2D.uexp" 1205
"../../../Engine/Content/EngineResources/DefaultVolumeTexture.uasset" 1206
"../../../Engine/Content/EngineResources/DefaultVolumeTexture.uexp" 1207
"../../../Engine/Content/EngineSky/VolumetricClouds/VT_Lightning.uasset" 1208
"../../../Engine/Content/EngineSky/VolumetricClouds/VT_Lightning.uexp" 1209
"../../../Engine/Content/Functions/Engine_MaterialFunctions01/Units/Km-to-Cm.uasset" 1210
"../../../Engine/Content/Functions/Engine_MaterialFunctions01/Units/Km-to-Cm.uexp" 1211
"../../../Engine/Content/EngineSky/VolumetricClouds/m_SimpleVolumetricCloud.uasset" 1212
"../../../Engine/Content/EngineSky/VolumetricClouds/m_SimpleVolumetricCloud.uexp" 1213
"../../../Engine/Content/EngineSky/VolumetricClouds/T_CloudMask.ubulk" 1214
"../../../Engine/Content/EngineSky/VolumetricClouds/T_CloudMask.uasset" 1215
"../../../Engine/Content/EngineSky/VolumetricClouds/T_CloudMask.uexp" 1216
"../../../Engine/Content/EngineSky/VolumetricClouds/T_CloudPattern.ubulk" 1217
"../../../Engine/Content/EngineSky/VolumetricClouds/T_CloudPattern.uasset" 1218
"../../../Engine/Content/EngineSky/VolumetricClouds/T_CloudPattern.uexp" 1219
"../../../Engine/Content/EngineSky/VolumetricClouds/T_Profile_08.ubulk" 1220
"../../../Engine/Content/EngineSky/VolumetricClouds/T_Profile_08.uasset" 1221
"../../../Engine/Content/EngineSky/VolumetricClouds/T_Profile_08.uexp" 1222
"../../../Engine/Content/EngineSky/VolumetricClouds/VT_PerlinWorley_Balanced.uasset" 1223
"../../../Engine/Content/EngineSky/VolumetricClouds/VT_PerlinWorley_Balanced.uexp" 1224
"../../../Engine/Content/EngineSky/VolumetricClouds/m_SimpleVolumetricCloud_Inst.uasset" 1225
"../../../Engine/Content/EngineSky/VolumetricClouds/m_SimpleVolumetricCloud_Inst.uexp" 1226
"C:/Users/darko/Documents/Unreal-Git/Platforming_LD/Content/Blueprints/BPA_Jump.uasset" 1227
"C:/Users/darko/Documents/Unreal-Git/Platforming_LD/Content/Blueprints/BPA_Jump.uexp" 1228
"../../../Engine/Content/Functions/Engine_MaterialFunctions01/Gradient/LinearGradient.uasset" 1229
"../../../Engine/Content/Functions/Engine_MaterialFunctions01/Gradient/LinearGradient.uexp" 1230
"../../../Engine/Content/Functions/Engine_MaterialFunctions01/ImageAdjustment/CheapContrast.uasset" 1231
"../../../Engine/Content/Functions/Engine_MaterialFunctions01/ImageAdjustment/CheapContrast.uexp" 1232
"C:/Users/darko/Documents/Unreal-Git/Platforming_LD/Content/LevelPrototyping/Textures/T_GridChecker_A.ubulk" 1233
"C:/Users/darko/Documents/Unreal-Git/Platforming_LD/Content/LevelPrototyping/Textures/T_GridChecker_A.uasset" 1234
"C:/Users/darko/Documents/Unreal-Git/Platforming_LD/Content/LevelPrototyping/Textures/T_GridChecker_A.uexp" 1235
"C:/Users/darko/Documents/Unreal-Git/Platforming_LD/Content/LevelPrototyping/Materials/MF_ProcGrid.uasset" 1236
"C:/Users/darko/Documents/Unreal-Git/Platforming_LD/Content/LevelPrototyping/Materials/MF_ProcGrid.uexp" 1237
"C:/Users/darko/Documents/Unreal-Git/Platforming_LD/Content/LevelPrototyping/Materials/M_PrototypeGrid.uasset" 1238
"C:/Users/darko/Documents/Unreal-Git/Platforming_LD/Content/LevelPrototyping/Materials/M_PrototypeGrid.uexp" 1239
"C:/Users/darko/Documents/Unreal-Git/Platforming_LD/Content/Blueprints/BPA_Wall1.uasset" 1240
"C:/Users/darko/Documents/Unreal-Git/Platforming_LD/Content/Blueprints/BPA_Wall1.uexp" 1241
"C:/Users/darko/Documents/Unreal-Git/Platforming_LD/Content/LevelPrototyping/Materials/MI_PrototypeGrid_Gray.uasset" 1242
"C:/Users/darko/Documents/Unreal-Git/Platforming_LD/Content/LevelPrototyping/Materials/MI_PrototypeGrid_Gray.uexp" 1243
"C:/Users/darko/Documents/Unreal-Git/Platforming_LD/Content/LevelPrototyping/Meshes/SM_Cube.ubulk" 1244
"C:/Users/darko/Documents/Unreal-Git/Platforming_LD/Content/LevelPrototyping/Meshes/SM_Cube.uasset" 1245
"C:/Users/darko/Documents/Unreal-Git/Platforming_LD/Content/LevelPrototyping/Meshes/SM_Cube.uexp" 1246
"C:/Users/darko/Documents/Unreal-Git/Platforming_LD/Content/Materials/MI_WallRun.uasset" 1247
"C:/Users/darko/Documents/Unreal-Git/Platforming_LD/Content/Materials/MI_WallRun.uexp" 1248
"C:/Users/darko/Documents/Unreal-Git/Platforming_LD/Content/Blueprints/BPA_WallRun.uasset" 1249
"C:/Users/darko/Documents/Unreal-Git/Platforming_LD/Content/Blueprints/BPA_WallRun.uexp" 1250
"C:/Users/darko/Documents/Unreal-Git/Platforming_LD/Content/Variant_Platforming/Blueprints/BP_PlatformingCharacter.uasset" 1251
"C:/Users/darko/Documents/Unreal-Git/Platforming_LD/Content/Variant_Platforming/Blueprints/BP_PlatformingCharacter.uexp" 1252
"C:/Users/darko/Documents/Unreal-Git/Platforming_LD/Content/Blueprints/BP_CameraZoneTrigger.uasset" 1253
"C:/Users/darko/Documents/Unreal-Git/Platforming_LD/Content/Blueprints/BP_CameraZoneTrigger.uexp" 1254
"C:/Users/darko/Documents/Unreal-Git/Platforming_LD/Content/Materials/MI_Difficult.uasset" 1255
"C:/Users/darko/Documents/Unreal-Git/Platforming_LD/Content/Materials/MI_Difficult.uexp" 1256
"C:/Users/darko/Documents/Unreal-Git/Platforming_LD/Content/Materials/MI_Good.uasset" 1257
"C:/Users/darko/Documents/Unreal-Git/Platforming_LD/Content/Materials/MI_Good.uexp" 1258
"C:/Users/darko/Documents/Unreal-Git/Platforming_LD/Content/Materials/MI_Impossible.uasset" 1259
"C:/Users/darko/Documents/Unreal-Git/Platforming_LD/Content/Materials/MI_Impossible.uexp" 1260
"C:/Users/darko/Documents/Unreal-Git/Platforming_LD/Content/Materials/MI_Medium.uasset" 1261
"C:/Users/darko/Documents/Unreal-Git/Platforming_LD/Content/Materials/MI_Medium.uexp" 1262
"C:/Users/darko/Documents/Unreal-Git/Platforming_LD/Content/Materials/MI_VeryGood.uasset" 1263
"C:/Users/darko/Documents/Unreal-Git/Platforming_LD/Content/Materials/MI_VeryGood.uexp" 1264
"C:/Users/darko/Documents/Unreal-Git/Platforming_LD/Content/Variant_Platforming/Input/IMC_Platforming.uasset" 1265
"C:/Users/darko/Documents/Unreal-Git/Platforming_LD/Content/Variant_Platforming/Input/IMC_Platforming.uexp" 1266
"C:/Users/darko/Documents/Unreal-Git/Platforming_LD/Content/Variant_Platforming/Input/UI_TouchInterface_Platforming.uasset" 1267
"C:/Users/darko/Documents/Unreal-Git/Platforming_LD/Content/Variant_Platforming/Input/UI_TouchInterface_Platforming.uexp" 1268
"C:/Users/darko/Documents/Unreal-Git/Platforming_LD/Content/Variant_Platforming/Blueprints/BP_PlatformingPlayerController.uasset" 1269
"C:/Users/darko/Documents/Unreal-Git/Platforming_LD/Content/Variant_Platforming/Blueprints/BP_PlatformingPlayerController.uexp" 1270
"C:/Users/darko/Documents/Unreal-Git/Platforming_LD/Content/Variant_Platforming/Blueprints/BP_PlatformingGameMode.uasset" 1271
"C:/Users/darko/Documents/Unreal-Git/Platforming_LD/Content/Variant_Platforming/Blueprints/BP_PlatformingGameMode.uexp" 1272
"C:/Users/darko/Documents/Unreal-Git/Platforming_LD/Content/LevelPrototyping/Meshes/SM_Ramp.ubulk" 1273
"C:/Users/darko/Documents/Unreal-Git/Platforming_LD/Content/LevelPrototyping/Meshes/SM_Ramp.uasset" 1274
"C:/Users/darko/Documents/Unreal-Git/Platforming_LD/Content/LevelPrototyping/Meshes/SM_Ramp.uexp" 1275
"C:/Users/darko/Documents/Unreal-Git/Platforming_LD/Content/LevelPrototyping/Materials/M_FlatCol.uasset" 1276
"C:/Users/darko/Documents/Unreal-Git/Platforming_LD/Content/LevelPrototyping/Materials/M_FlatCol.uexp" 1277
"C:/Users/darko/Documents/Unreal-Git/Platforming_LD/Content/LevelPrototyping/Materials/MI_DefaultColorway.uasset" 1278
"C:/Users/darko/Documents/Unreal-Git/Platforming_LD/Content/LevelPrototyping/Materials/MI_DefaultColorway.uexp" 1279
"C:/Users/darko/Documents/Unreal-Git/Platforming_LD/Content/Teleport_Yuu/Arch.ubulk" 1280
"C:/Users/darko/Documents/Unreal-Git/Platforming_LD/Content/Teleport_Yuu/Arch.uasset" 1281
"C:/Users/darko/Documents/Unreal-Git/Platforming_LD/Content/Teleport_Yuu/Arch.uexp" 1282
"C:/Users/darko/Documents/Unreal-Git/Platforming_LD/Content/Teleport_Yuu/MyPortalMesh.ubulk" 1283
"C:/Users/darko/Documents/Unreal-Git/Platforming_LD/Content/Teleport_Yuu/MyPortalMesh.uasset" 1284
"C:/Users/darko/Documents/Unreal-Git/Platforming_LD/Content/Teleport_Yuu/MyPortalMesh.uexp" 1285
"../../../Engine/Content/Functions/Engine_MaterialFunctions02/ScreenResolution.uasset" 1286
"../../../Engine/Content/Functions/Engine_MaterialFunctions02/ScreenResolution.uexp" 1287
"../../../Engine/Content/EngineResources/DefaultTexture.ubulk" 1288
"../../../Engine/Content/EngineResources/DefaultTexture.uasset" 1289
"../../../Engine/Content/EngineResources/DefaultTexture.uexp" 1290
"../../../Engine/Content/Functions/Engine_MaterialFunctions02/Texturing/ScreenAlignedUVs.uasset" 1291
"../../../Engine/Content/Functions/Engine_MaterialFunctions02/Texturing/ScreenAlignedUVs.uexp" 1292
"C:/Users/darko/Documents/Unreal-Git/Platforming_LD/Content/Teleport_Yuu/Portal_NAT.uasset" 1293
"C:/Users/darko/Documents/Unreal-Git/Platforming_LD/Content/Teleport_Yuu/Portal_NAT.uexp" 1294
"C:/Users/darko/Documents/Unreal-Git/Platforming_LD/Content/Teleport_Yuu/Portal_BP.uasset" 1295
"C:/Users/darko/Documents/Unreal-Git/Platforming_LD/Content/Teleport_Yuu/Portal_BP.uexp" 1296
"C:/Users/darko/Documents/Unreal-Git/Platforming_LD/Content/Levels/L_LD.uexp" 1297
"C:/Users/darko/Documents/Unreal-Git/Platforming_LD/Content/Levels/L_LD.umap" 1298
